Fecha,TMAX,TMIN,Prec,Fuente,TipoDato,CalidadDato,Emision,Fuente_TMAX,Fuente_TMIN,Fuente_Prec
2026-01-01,32.5,20.8,0.0,OPEN_METEO_ECMWF_IFS_ARCHIVE_FALLBACK,Provisional,Provisional_hueco_observaciones,2026-09-04T11:26:43-03:00,OPEN_METEO_ECMWF_IFS_ARCHIVE_FALLBACK,OPEN_METEO_ECMWF_IFS_ARCHIVE_FALLBACK,OPEN_METEO_ECMWF_IFS_ARCHIVE_FALLBACK
2026-01-02,29.1,19.7,0.0,OPEN_METEO_ECMWF_IFS_ARCHIVE_FALLBACK,Provisional,Provisional_hueco_observaciones,2026-09-04T11:26:43-03:00,OPEN_METEO_ECMWF_IFS_ARCHIVE_FALLBACK,OPEN_METEO_ECMWF_IFS_ARCHIVE_FALLBACK,OPEN_METEO_ECMWF_IFS_ARCHIVE_FALLBACK
2026-01-03,22.0,15.3,0.0,OPEN_METEO_ECMWF_IFS_ARCHIVE_FALLBACK,Provisional,Provisional_hueco_observaciones,2026-09-04T11:26:43-03:00,OPEN_METEO_ECMWF_IFS_ARCHIVE_FALLBACK,OPEN_METEO_ECMWF_IFS_ARCHIVE_FALLBACK,OPEN_METEO_ECMWF_IFS_ARCHIVE_FALLBACK
2026-01-04,26.0,11.0,0.0,OPEN_METEO_ECMWF_IFS_ARCHIVE_FALLBACK,Provisional,Provisional_hueco_observaciones,2026-09-04T11:26:43-03:00,OPEN_METEO_ECMWF_IFS_ARCHIVE_FALLBACK,OPEN_METEO_ECMWF_IFS_ARCHIVE_FALLBACK,OPEN_METEO_ECMWF_IFS_ARCHIVE_FALLBACK
2026-01-05,28.0,14.4,0.0,OPEN_METEO_ECMWF_IFS_ARCHIVE_FALLBACK,Provisional,Provisional_hueco_observaciones,2026-09-04T11:26:43-03:00,OPEN_METEO_ECMWF_IFS_ARCHIVE_FALLBACK,OPEN_METEO_ECMWF_IFS_ARCHIVE_FALLBACK,OPEN_METEO_ECMWF_IFS_ARCHIVE_FALLBACK
2026-01-06,29.8,17.7,0.0,OPEN_METEO_ECMWF_IFS_ARCHIVE_FALLBACK,Provisional,Provisional_hueco_observaciones,2026-09-04T11:26:43-03:00,OPEN_METEO_ECMWF_IFS_ARCHIVE_FALLBACK,OPEN_METEO_ECMWF_IFS_ARCHIVE_FALLBACK,OPEN_METEO_ECMWF_IFS_ARCHIVE_FALLBACK
2026-01-07,29.1,18.1,0.0,OPEN_METEO_ECMWF_IFS_ARCHIVE_FALLBACK,Provisional,Provisional_hueco_observaciones,2026-09-04T11:26:43-03:00,OPEN_METEO_ECMWF_IFS_ARCHIVE_FALLBACK,OPEN_METEO_ECMWF_IFS_ARCHIVE_FALLBACK,OPEN_METEO_ECMWF_IFS_ARCHIVE_FALLBACK
2026-01-08,23.0,15.8,4.8,OPEN_METEO_ECMWF_IFS_ARCHIVE_FALLBACK,Provisional,Provisional_hueco_observaciones,2026-09-04T11:26:43-03:00,OPEN_METEO_ECMWF_IFS_ARCHIVE_FALLBACK,OPEN_METEO_ECMWF_IFS_ARCHIVE_FALLBACK,OPEN_METEO_ECMWF_IFS_ARCHIVE_FALLBACK
2026-01-09,22.2,17.5,5.0,OPEN_METEO_ECMWF_IFS_ARCHIVE_FALLBACK,Provisional,Provisional_hueco_observaciones,2026-09-04T11:26:43-03:00,OPEN_METEO_ECMWF_IFS_ARCHIVE_FALLBACK,OPEN_METEO_ECMWF_IFS_ARCHIVE_FALLBACK,OPEN_METEO_ECMWF_IFS_ARCHIVE_FALLBACK
2026-01-10,27.0,17.2,12.3,OPEN_METEO_ECMWF_IFS_ARCHIVE_FALLBACK,Provisional,Provisional_hueco_observaciones,2026-09-04T11:26:43-03:00,OPEN_METEO_ECMWF_IFS_ARCHIVE_FALLBACK,OPEN_METEO_ECMWF_IFS_ARCHIVE_FALLBACK,OPEN_METEO_ECMWF_IFS_ARCHIVE_FALLBACK
2026-01-11,33.4,16.3,0.0,OPEN_METEO_ECMWF_IFS_ARCHIVE_FALLBACK,Provisional,Provisional_hueco_observaciones,2026-09-04T11:26:43-03:00,OPEN_METEO_ECMWF_IFS_ARCHIVE_FALLBACK,OPEN_METEO_ECMWF_IFS_ARCHIVE_FALLBACK,OPEN_METEO_ECMWF_IFS_ARCHIVE_FALLBACK
2026-01-12,36.6,19.2,0.0,OPEN_METEO_ECMWF_IFS_ARCHIVE_FALLBACK,Provisional,Provisional_hueco_observaciones,2026-09-04T11:26:43-03:00,OPEN_METEO_ECMWF_IFS_ARCHIVE_FALLBACK,OPEN_METEO_ECMWF_IFS_ARCHIVE_FALLBACK,OPEN_METEO_ECMWF_IFS_ARCHIVE_FALLBACK
2026-01-13,31.0,20.8,4.0,OPEN_METEO_ECMWF_IFS_ARCHIVE_FALLBACK,Provisional,Provisional_hueco_observaciones,2026-09-04T11:26:43-03:00,OPEN_METEO_ECMWF_IFS_ARCHIVE_FALLBACK,OPEN_METEO_ECMWF_IFS_ARCHIVE_FALLBACK,OPEN_METEO_ECMWF_IFS_ARCHIVE_FALLBACK
2026-01-14,34.5,22.7,0.8,OPEN_METEO_ECMWF_IFS_ARCHIVE_FALLBACK,Provisional,Provisional_hueco_observaciones,2026-09-04T11:26:43-03:00,OPEN_METEO_ECMWF_IFS_ARCHIVE_FALLBACK,OPEN_METEO_ECMWF_IFS_ARCHIVE_FALLBACK,OPEN_METEO_ECMWF_IFS_ARCHIVE_FALLBACK
2026-01-15,30.4,23.3,1.2,OPEN_METEO_ECMWF_IFS_ARCHIVE_FALLBACK,Provisional,Provisional_hueco_observaciones,2026-09-04T11:26:43-03:00,OPEN_METEO_ECMWF_IFS_ARCHIVE_FALLBACK,OPEN_METEO_ECMWF_IFS_ARCHIVE_FALLBACK,OPEN_METEO_ECMWF_IFS_ARCHIVE_FALLBACK
2026-01-16,30.8,19.6,0.0,OPEN_METEO_ECMWF_IFS_ARCHIVE_FALLBACK,Provisional,Provisional_hueco_observaciones,2026-09-04T11:26:43-03:00,OPEN_METEO_ECMWF_IFS_ARCHIVE_FALLBACK,OPEN_METEO_ECMWF_IFS_ARCHIVE_FALLBACK,OPEN_METEO_ECMWF_IFS_ARCHIVE_FALLBACK
2026-01-17,33.6,20.7,0.0,OPEN_METEO_ECMWF_IFS_ARCHIVE_FALLBACK,Provisional,Provisional_hueco_observaciones,2026-09-04T11:26:43-03:00,OPEN_METEO_ECMWF_IFS_ARCHIVE_FALLBACK,OPEN_METEO_ECMWF_IFS_ARCHIVE_FALLBACK,OPEN_METEO_ECMWF_IFS_ARCHIVE_FALLBACK
2026-01-18,27.9,19.0,0.0,OPEN_METEO_ECMWF_IFS_ARCHIVE_FALLBACK,Provisional,Provisional_hueco_observaciones,2026-09-04T11:26:43-03:00,OPEN_METEO_ECMWF_IFS_ARCHIVE_FALLBACK,OPEN_METEO_ECMWF_IFS_ARCHIVE_FALLBACK,OPEN_METEO_ECMWF_IFS_ARCHIVE_FALLBACK
2026-01-19,25.5,14.9,0.0,OPEN_METEO_ECMWF_IFS_ARCHIVE_FALLBACK,Provisional,Provisional_hueco_observaciones,2026-09-04T11:26:43-03:00,OPEN_METEO_ECMWF_IFS_ARCHIVE_FALLBACK,OPEN_METEO_ECMWF_IFS_ARCHIVE_FALLBACK,OPEN_METEO_ECMWF_IFS_ARCHIVE_FALLBACK
2026-01-20,28.8,15.4,0.0,OPEN_METEO_ECMWF_IFS_ARCHIVE_FALLBACK,Provisional,Provisional_hueco_observaciones,2026-09-04T11:26:43-03:00,OPEN_METEO_ECMWF_IFS_ARCHIVE_FALLBACK,OPEN_METEO_ECMWF_IFS_ARCHIVE_FALLBACK,OPEN_METEO_ECMWF_IFS_ARCHIVE_FALLBACK
2026-01-21,30.6,17.2,0.0,OPEN_METEO_ECMWF_IFS_ARCHIVE_FALLBACK,Provisional,Provisional_hueco_observaciones,2026-09-04T11:26:43-03:00,OPEN_METEO_ECMWF_IFS_ARCHIVE_FALLBACK,OPEN_METEO_ECMWF_IFS_ARCHIVE_FALLBACK,OPEN_METEO_ECMWF_IFS_ARCHIVE_FALLBACK
2026-01-22,31.9,18.3,0.0,OPEN_METEO_ECMWF_IFS_ARCHIVE_FALLBACK,Provisional,Provisional_hueco_observaciones,2026-09-04T11:26:43-03:00,OPEN_METEO_ECMWF_IFS_ARCHIVE_FALLBACK,OPEN_METEO_ECMWF_IFS_ARCHIVE_FALLBACK,OPEN_METEO_ECMWF_IFS_ARCHIVE_FALLBACK
2026-01-23,34.6,19.7,0.0,OPEN_METEO_ECMWF_IFS_ARCHIVE_FALLBACK,Provisional,Provisional_hueco_observaciones,2026-09-04T11:26:43-03:00,OPEN_METEO_ECMWF_IFS_ARCHIVE_FALLBACK,OPEN_METEO_ECMWF_IFS_ARCHIVE_FALLBACK,OPEN_METEO_ECMWF_IFS_ARCHIVE_FALLBACK
2026-01-24,35.4,22.6,0.0,OPEN_METEO_ECMWF_IFS_ARCHIVE_FALLBACK,Provisional,Provisional_hueco_observaciones,2026-09-04T11:26:43-03:00,OPEN_METEO_ECMWF_IFS_ARCHIVE_FALLBACK,OPEN_METEO_ECMWF_IFS_ARCHIVE_FALLBACK,OPEN_METEO_ECMWF_IFS_ARCHIVE_FALLBACK
2026-01-25,34.9,23.3,0.0,OPEN_METEO_ECMWF_IFS_ARCHIVE_FALLBACK,Provisional,Provisional_hueco_observaciones,2026-09-04T11:26:43-03:00,OPEN_METEO_ECMWF_IFS_ARCHIVE_FALLBACK,OPEN_METEO_ECMWF_IFS_ARCHIVE_FALLBACK,OPEN_METEO_ECMWF_IFS_ARCHIVE_FALLBACK
2026-01-26,32.5,22.0,0.0,OPEN_METEO_ECMWF_IFS_ARCHIVE_FALLBACK,Provisional,Provisional_hueco_observaciones,2026-09-04T11:26:43-03:00,OPEN_METEO_ECMWF_IFS_ARCHIVE_FALLBACK,OPEN_METEO_ECMWF_IFS_ARCHIVE_FALLBACK,OPEN_METEO_ECMWF_IFS_ARCHIVE_FALLBACK
2026-01-27,33.2,19.0,0.0,OPEN_METEO_ECMWF_IFS_ARCHIVE_FALLBACK,Provisional,Provisional_hueco_observaciones,2026-09-04T11:26:43-03:00,OPEN_METEO_ECMWF_IFS_ARCHIVE_FALLBACK,OPEN_METEO_ECMWF_IFS_ARCHIVE_FALLBACK,OPEN_METEO_ECMWF_IFS_ARCHIVE_FALLBACK
2026-01-28,32.8,22.3,0.3,OPEN_METEO_ECMWF_IFS_ARCHIVE_FALLBACK,Provisional,Provisional_hueco_observaciones,2026-09-04T11:26:43-03:00,OPEN_METEO_ECMWF_IFS_ARCHIVE_FALLBACK,OPEN_METEO_ECMWF_IFS_ARCHIVE_FALLBACK,OPEN_METEO_ECMWF_IFS_ARCHIVE_FALLBACK
2026-01-29,31.5,18.1,0.0,OPEN_METEO_ECMWF_IFS_ARCHIVE_FALLBACK,Provisional,Provisional_hueco_observaciones,2026-09-04T11:26:43-03:00,OPEN_METEO_ECMWF_IFS_ARCHIVE_FALLBACK,OPEN_METEO_ECMWF_IFS_ARCHIVE_FALLBACK,OPEN_METEO_ECMWF_IFS_ARCHIVE_FALLBACK
2026-01-30,33.5,19.0,0.0,OPEN_METEO_ECMWF_IFS_ARCHIVE_FALLBACK,Provisional,Provisional_hueco_observaciones,2026-09-04T11:26:43-03:00,OPEN_METEO_ECMWF_IFS_ARCHIVE_FALLBACK,OPEN_METEO_ECMWF_IFS_ARCHIVE_FALLBACK,OPEN_METEO_ECMWF_IFS_ARCHIVE_FALLBACK
2026-01-31,31.9,21.2,0.0,OPEN_METEO_ECMWF_IFS_ARCHIVE_FALLBACK,Provisional,Provisional_hueco_observaciones,2026-09-04T11:26:43-03:00,OPEN_METEO_ECMWF_IFS_ARCHIVE_FALLBACK,OPEN_METEO_ECMWF_IFS_ARCHIVE_FALLBACK,OPEN_METEO_ECMWF_IFS_ARCHIVE_FALLBACK
2026-02-01,31.4,18.7,0.0,OPEN_METEO_ECMWF_IFS_ARCHIVE_FALLBACK,Provisional,Provisional_hueco_observaciones,2026-09-04T11:26:43-03:00,OPEN_METEO_ECMWF_IFS_ARCHIVE_FALLBACK,OPEN_METEO_ECMWF_IFS_ARCHIVE_FALLBACK,OPEN_METEO_ECMWF_IFS_ARCHIVE_FALLBACK
2026-02-02,34.7,20.0,0.0,OPEN_METEO_ECMWF_IFS_ARCHIVE_FALLBACK,Provisional,Provisional_hueco_observaciones,2026-09-04T11:26:43-03:00,OPEN_METEO_ECMWF_IFS_ARCHIVE_FALLBACK,OPEN_METEO_ECMWF_IFS_ARCHIVE_FALLBACK,OPEN_METEO_ECMWF_IFS_ARCHIVE_FALLBACK
2026-02-03,36.0,21.1,1.4,OPEN_METEO_ECMWF_IFS_ARCHIVE_FALLBACK,Provisional,Provisional_hueco_observaciones,2026-09-04T11:26:43-03:00,OPEN_METEO_ECMWF_IFS_ARCHIVE_FALLBACK,OPEN_METEO_ECMWF_IFS_ARCHIVE_FALLBACK,OPEN_METEO_ECMWF_IFS_ARCHIVE_FALLBACK
2026-02-04,29.1,23.3,1.0,OPEN_METEO_ECMWF_IFS_ARCHIVE_FALLBACK,Provisional,Provisional_hueco_observaciones,2026-09-04T11:26:43-03:00,OPEN_METEO_ECMWF_IFS_ARCHIVE_FALLBACK,OPEN_METEO_ECMWF_IFS_ARCHIVE_FALLBACK,OPEN_METEO_ECMWF_IFS_ARCHIVE_FALLBACK
2026-02-05,28.3,21.2,6.3,OPEN_METEO_ECMWF_IFS_ARCHIVE_FALLBACK,Provisional,Provisional_hueco_observaciones,2026-09-04T11:26:43-03:00,OPEN_METEO_ECMWF_IFS_ARCHIVE_FALLBACK,OPEN_METEO_ECMWF_IFS_ARCHIVE_FALLBACK,OPEN_METEO_ECMWF_IFS_ARCHIVE_FALLBACK
2026-02-06,26.5,19.7,1.4,OPEN_METEO_ECMWF_IFS_ARCHIVE_FALLBACK,Provisional,Provisional_hueco_observaciones,2026-09-04T11:26:43-03:00,OPEN_METEO_ECMWF_IFS_ARCHIVE_FALLBACK,OPEN_METEO_ECMWF_IFS_ARCHIVE_FALLBACK,OPEN_METEO_ECMWF_IFS_ARCHIVE_FALLBACK
2026-02-07,29.3,13.3,0.0,OPEN_METEO_ECMWF_IFS_ARCHIVE_FALLBACK,Provisional,Provisional_hueco_observaciones,2026-09-04T11:26:43-03:00,OPEN_METEO_ECMWF_IFS_ARCHIVE_FALLBACK,OPEN_METEO_ECMWF_IFS_ARCHIVE_FALLBACK,OPEN_METEO_ECMWF_IFS_ARCHIVE_FALLBACK
2026-02-08,31.4,17.0,0.0,OPEN_METEO_ECMWF_IFS_ARCHIVE_FALLBACK,Provisional,Provisional_hueco_observaciones,2026-09-04T11:26:43-03:00,OPEN_METEO_ECMWF_IFS_ARCHIVE_FALLBACK,OPEN_METEO_ECMWF_IFS_ARCHIVE_FALLBACK,OPEN_METEO_ECMWF_IFS_ARCHIVE_FALLBACK
2026-02-09,29.0,19.0,1.4,OPEN_METEO_ECMWF_IFS_ARCHIVE_FALLBACK,Provisional,Provisional_hueco_observaciones,2026-09-04T11:26:43-03:00,OPEN_METEO_ECMWF_IFS_ARCHIVE_FALLBACK,OPEN_METEO_ECMWF_IFS_ARCHIVE_FALLBACK,OPEN_METEO_ECMWF_IFS_ARCHIVE_FALLBACK
2026-02-10,31.3,16.0,0.0,OPEN_METEO_ECMWF_IFS_ARCHIVE_FALLBACK,Provisional,Provisional_hueco_observaciones,2026-09-04T11:26:43-03:00,OPEN_METEO_ECMWF_IFS_ARCHIVE_FALLBACK,OPEN_METEO_ECMWF_IFS_ARCHIVE_FALLBACK,OPEN_METEO_ECMWF_IFS_ARCHIVE_FALLBACK
2026-02-11,27.7,20.3,0.3,OPEN_METEO_ECMWF_IFS_ARCHIVE_FALLBACK,Provisional,Provisional_hueco_observaciones,2026-09-04T11:26:43-03:00,OPEN_METEO_ECMWF_IFS_ARCHIVE_FALLBACK,OPEN_METEO_ECMWF_IFS_ARCHIVE_FALLBACK,OPEN_METEO_ECMWF_IFS_ARCHIVE_FALLBACK
2026-02-12,28.3,17.8,0.0,OPEN_METEO_ECMWF_IFS_ARCHIVE_FALLBACK,Provisional,Provisional_hueco_observaciones,2026-09-04T11:26:43-03:00,OPEN_METEO_ECMWF_IFS_ARCHIVE_FALLBACK,OPEN_METEO_ECMWF_IFS_ARCHIVE_FALLBACK,OPEN_METEO_ECMWF_IFS_ARCHIVE_FALLBACK
2026-02-13,27.3,16.2,0.0,OPEN_METEO_ECMWF_IFS_ARCHIVE_FALLBACK,Provisional,Provisional_hueco_observaciones,2026-09-04T11:26:43-03:00,OPEN_METEO_ECMWF_IFS_ARCHIVE_FALLBACK,OPEN_METEO_ECMWF_IFS_ARCHIVE_FALLBACK,OPEN_METEO_ECMWF_IFS_ARCHIVE_FALLBACK
2026-02-14,30.4,17.0,0.1,OPEN_METEO_ECMWF_IFS_ARCHIVE_FALLBACK,Provisional,Provisional_hueco_observaciones,2026-09-04T11:26:43-03:00,OPEN_METEO_ECMWF_IFS_ARCHIVE_FALLBACK,OPEN_METEO_ECMWF_IFS_ARCHIVE_FALLBACK,OPEN_METEO_ECMWF_IFS_ARCHIVE_FALLBACK
2026-02-15,27.4,17.4,8.5,OPEN_METEO_ECMWF_IFS_ARCHIVE_FALLBACK,Provisional,Provisional_hueco_observaciones,2026-09-04T11:26:43-03:00,OPEN_METEO_ECMWF_IFS_ARCHIVE_FALLBACK,OPEN_METEO_ECMWF_IFS_ARCHIVE_FALLBACK,OPEN_METEO_ECMWF_IFS_ARCHIVE_FALLBACK
2026-02-16,26.9,14.7,0.0,OPEN_METEO_ECMWF_IFS_ARCHIVE_FALLBACK,Provisional,Provisional_hueco_observaciones,2026-09-04T11:26:43-03:00,OPEN_METEO_ECMWF_IFS_ARCHIVE_FALLBACK,OPEN_METEO_ECMWF_IFS_ARCHIVE_FALLBACK,OPEN_METEO_ECMWF_IFS_ARCHIVE_FALLBACK
2026-02-17,30.4,18.6,0.0,OPEN_METEO_ECMWF_IFS_ARCHIVE_FALLBACK,Provisional,Provisional_hueco_observaciones,2026-09-04T11:26:43-03:00,OPEN_METEO_ECMWF_IFS_ARCHIVE_FALLBACK,OPEN_METEO_ECMWF_IFS_ARCHIVE_FALLBACK,OPEN_METEO_ECMWF_IFS_ARCHIVE_FALLBACK
2026-02-18,32.7,21.7,0.0,OPEN_METEO_ECMWF_IFS_ARCHIVE_FALLBACK,Provisional,Provisional_hueco_observaciones,2026-09-04T11:26:43-03:00,OPEN_METEO_ECMWF_IFS_ARCHIVE_FALLBACK,OPEN_METEO_ECMWF_IFS_ARCHIVE_FALLBACK,OPEN_METEO_ECMWF_IFS_ARCHIVE_FALLBACK
2026-02-19,26.1,19.9,46.9,OPEN_METEO_ECMWF_IFS_ARCHIVE_FALLBACK,Provisional,Provisional_hueco_observaciones,2026-09-04T11:26:43-03:00,OPEN_METEO_ECMWF_IFS_ARCHIVE_FALLBACK,OPEN_METEO_ECMWF_IFS_ARCHIVE_FALLBACK,OPEN_METEO_ECMWF_IFS_ARCHIVE_FALLBACK
2026-02-20,27.7,17.3,0.0,OPEN_METEO_ECMWF_IFS_ARCHIVE_FALLBACK,Provisional,Provisional_hueco_observaciones,2026-09-04T11:26:43-03:00,OPEN_METEO_ECMWF_IFS_ARCHIVE_FALLBACK,OPEN_METEO_ECMWF_IFS_ARCHIVE_FALLBACK,OPEN_METEO_ECMWF_IFS_ARCHIVE_FALLBACK
2026-02-21,28.7,17.4,0.0,OPEN_METEO_ECMWF_IFS_ARCHIVE_FALLBACK,Provisional,Provisional_hueco_observaciones,2026-09-04T11:26:43-03:00,OPEN_METEO_ECMWF_IFS_ARCHIVE_FALLBACK,OPEN_METEO_ECMWF_IFS_ARCHIVE_FALLBACK,OPEN_METEO_ECMWF_IFS_ARCHIVE_FALLBACK
2026-02-22,28.6,19.6,0.1,OPEN_METEO_ECMWF_IFS_ARCHIVE_FALLBACK,Provisional,Provisional_hueco_observaciones,2026-09-04T11:26:43-03:00,OPEN_METEO_ECMWF_IFS_ARCHIVE_FALLBACK,OPEN_METEO_ECMWF_IFS_ARCHIVE_FALLBACK,OPEN_METEO_ECMWF_IFS_ARCHIVE_FALLBACK
2026-02-23,29.8,19.7,0.3,OPEN_METEO_ECMWF_IFS_ARCHIVE_FALLBACK,Provisional,Provisional_hueco_observaciones,2026-09-04T11:26:43-03:00,OPEN_METEO_ECMWF_IFS_ARCHIVE_FALLBACK,OPEN_METEO_ECMWF_IFS_ARCHIVE_FALLBACK,OPEN_METEO_ECMWF_IFS_ARCHIVE_FALLBACK
2026-02-24,31.2,19.1,0.4,OPEN_METEO_ECMWF_IFS_ARCHIVE_FALLBACK,Provisional,Provisional_hueco_observaciones,2026-09-04T11:26:43-03:00,OPEN_METEO_ECMWF_IFS_ARCHIVE_FALLBACK,OPEN_METEO_ECMWF_IFS_ARCHIVE_FALLBACK,OPEN_METEO_ECMWF_IFS_ARCHIVE_FALLBACK
2026-02-25,23.6,14.6,0.0,OPEN_METEO_ECMWF_IFS_ARCHIVE_FALLBACK,Provisional,Provisional_hueco_observaciones,2026-09-04T11:26:43-03:00,OPEN_METEO_ECMWF_IFS_ARCHIVE_FALLBACK,OPEN_METEO_ECMWF_IFS_ARCHIVE_FALLBACK,OPEN_METEO_ECMWF_IFS_ARCHIVE_FALLBACK
2026-02-26,25.4,12.3,0.0,OPEN_METEO_ECMWF_IFS_ARCHIVE_FALLBACK,Provisional,Provisional_hueco_observaciones,2026-09-04T11:26:43-03:00,OPEN_METEO_ECMWF_IFS_ARCHIVE_FALLBACK,OPEN_METEO_ECMWF_IFS_ARCHIVE_FALLBACK,OPEN_METEO_ECMWF_IFS_ARCHIVE_FALLBACK
2026-02-27,27.4,16.5,0.0,OPEN_METEO_ECMWF_IFS_ARCHIVE_FALLBACK,Provisional,Provisional_hueco_observaciones,2026-09-04T11:26:43-03:00,OPEN_METEO_ECMWF_IFS_ARCHIVE_FALLBACK,OPEN_METEO_ECMWF_IFS_ARCHIVE_FALLBACK,OPEN_METEO_ECMWF_IFS_ARCHIVE_FALLBACK
2026-02-28,27.6,16.9,0.0,OPEN_METEO_ECMWF_IFS_ARCHIVE_FALLBACK,Provisional,Provisional_hueco_observaciones,2026-09-04T11:26:43-03:00,OPEN_METEO_ECMWF_IFS_ARCHIVE_FALLBACK,OPEN_METEO_ECMWF_IFS_ARCHIVE_FALLBACK,OPEN_METEO_ECMWF_IFS_ARCHIVE_FALLBACK
2026-03-01,29.7,17.9,0.0,OPEN_METEO_ECMWF_IFS_ARCHIVE_FALLBACK,Provisional,Provisional_hueco_observaciones,2026-09-04T11:26:43-03:00,OPEN_METEO_ECMWF_IFS_ARCHIVE_FALLBACK,OPEN_METEO_ECMWF_IFS_ARCHIVE_FALLBACK,OPEN_METEO_ECMWF_IFS_ARCHIVE_FALLBACK
2026-03-02,29.9,19.2,0.0,OPEN_METEO_ECMWF_IFS_ARCHIVE_FALLBACK,Provisional,Provisional_hueco_observaciones,2026-09-04T11:26:43-03:00,OPEN_METEO_ECMWF_IFS_ARCHIVE_FALLBACK,OPEN_METEO_ECMWF_IFS_ARCHIVE_FALLBACK,OPEN_METEO_ECMWF_IFS_ARCHIVE_FALLBACK
2026-03-03,26.6,17.6,8.5,OPEN_METEO_ECMWF_IFS_ARCHIVE_FALLBACK,Provisional,Provisional_hueco_observaciones,2026-09-04T11:26:43-03:00,OPEN_METEO_ECMWF_IFS_ARCHIVE_FALLBACK,OPEN_METEO_ECMWF_IFS_ARCHIVE_FALLBACK,OPEN_METEO_ECMWF_IFS_ARCHIVE_FALLBACK
2026-03-04,29.0,16.4,0.0,OPEN_METEO_ECMWF_IFS_ARCHIVE_FALLBACK,Provisional,Provisional_hueco_observaciones,2026-09-04T11:26:43-03:00,OPEN_METEO_ECMWF_IFS_ARCHIVE_FALLBACK,OPEN_METEO_ECMWF_IFS_ARCHIVE_FALLBACK,OPEN_METEO_ECMWF_IFS_ARCHIVE_FALLBACK
2026-03-05,27.6,18.1,2.3,OPEN_METEO_ECMWF_IFS_ARCHIVE_FALLBACK,Provisional,Provisional_hueco_observaciones,2026-09-04T11:26:43-03:00,OPEN_METEO_ECMWF_IFS_ARCHIVE_FALLBACK,OPEN_METEO_ECMWF_IFS_ARCHIVE_FALLBACK,OPEN_METEO_ECMWF_IFS_ARCHIVE_FALLBACK
2026-03-06,25.0,19.5,16.3,OPEN_METEO_ECMWF_IFS_ARCHIVE_FALLBACK,Provisional,Provisional_hueco_observaciones,2026-09-04T11:26:43-03:00,OPEN_METEO_ECMWF_IFS_ARCHIVE_FALLBACK,OPEN_METEO_ECMWF_IFS_ARCHIVE_FALLBACK,OPEN_METEO_ECMWF_IFS_ARCHIVE_FALLBACK
2026-03-07,25.8,19.2,0.4,OPEN_METEO_ECMWF_IFS_ARCHIVE_FALLBACK,Provisional,Provisional_hueco_observaciones,2026-09-04T11:26:43-03:00,OPEN_METEO_ECMWF_IFS_ARCHIVE_FALLBACK,OPEN_METEO_ECMWF_IFS_ARCHIVE_FALLBACK,OPEN_METEO_ECMWF_IFS_ARCHIVE_FALLBACK
2026-03-08,25.1,17.8,2.1,OPEN_METEO_ECMWF_IFS_ARCHIVE_FALLBACK,Provisional,Provisional_hueco_observaciones,2026-09-04T11:26:43-03:00,OPEN_METEO_ECMWF_IFS_ARCHIVE_FALLBACK,OPEN_METEO_ECMWF_IFS_ARCHIVE_FALLBACK,OPEN_METEO_ECMWF_IFS_ARCHIVE_FALLBACK
2026-03-09,25.6,18.1,3.1,OPEN_METEO_ECMWF_IFS_ARCHIVE_FALLBACK,Provisional,Provisional_hueco_observaciones,2026-09-04T11:26:43-03:00,OPEN_METEO_ECMWF_IFS_ARCHIVE_FALLBACK,OPEN_METEO_ECMWF_IFS_ARCHIVE_FALLBACK,OPEN_METEO_ECMWF_IFS_ARCHIVE_FALLBACK
2026-03-10,26.7,16.6,0.0,OPEN_METEO_ECMWF_IFS_ARCHIVE_FALLBACK,Provisional,Provisional_hueco_observaciones,2026-09-04T11:26:43-03:00,OPEN_METEO_ECMWF_IFS_ARCHIVE_FALLBACK,OPEN_METEO_ECMWF_IFS_ARCHIVE_FALLBACK,OPEN_METEO_ECMWF_IFS_ARCHIVE_FALLBACK
2026-03-11,26.7,15.7,0.0,OPEN_METEO_ECMWF_IFS_ARCHIVE_FALLBACK,Provisional,Provisional_hueco_observaciones,2026-09-04T11:26:43-03:00,OPEN_METEO_ECMWF_IFS_ARCHIVE_FALLBACK,OPEN_METEO_ECMWF_IFS_ARCHIVE_FALLBACK,OPEN_METEO_ECMWF_IFS_ARCHIVE_FALLBACK
2026-03-12,26.4,15.5,0.0,OPEN_METEO_ECMWF_IFS_ARCHIVE_FALLBACK,Provisional,Provisional_hueco_observaciones,2026-09-04T11:26:43-03:00,OPEN_METEO_ECMWF_IFS_ARCHIVE_FALLBACK,OPEN_METEO_ECMWF_IFS_ARCHIVE_FALLBACK,OPEN_METEO_ECMWF_IFS_ARCHIVE_FALLBACK
2026-03-13,28.7,17.2,0.0,OPEN_METEO_ECMWF_IFS_ARCHIVE_FALLBACK,Provisional,Provisional_hueco_observaciones,2026-09-04T11:26:43-03:00,OPEN_METEO_ECMWF_IFS_ARCHIVE_FALLBACK,OPEN_METEO_ECMWF_IFS_ARCHIVE_FALLBACK,OPEN_METEO_ECMWF_IFS_ARCHIVE_FALLBACK
2026-03-14,26.5,18.7,0.2,OPEN_METEO_ECMWF_IFS_ARCHIVE_FALLBACK,Provisional,Provisional_hueco_observaciones,2026-09-04T11:26:43-03:00,OPEN_METEO_ECMWF_IFS_ARCHIVE_FALLBACK,OPEN_METEO_ECMWF_IFS_ARCHIVE_FALLBACK,OPEN_METEO_ECMWF_IFS_ARCHIVE_FALLBACK
2026-03-15,31.0,14.5,0.0,OPEN_METEO_ECMWF_IFS_ARCHIVE_FALLBACK,Provisional,Provisional_hueco_observaciones,2026-09-04T11:26:43-03:00,OPEN_METEO_ECMWF_IFS_ARCHIVE_FALLBACK,OPEN_METEO_ECMWF_IFS_ARCHIVE_FALLBACK,OPEN_METEO_ECMWF_IFS_ARCHIVE_FALLBACK
2026-03-16,30.8,20.4,0.0,OPEN_METEO_ECMWF_IFS_ARCHIVE_FALLBACK,Provisional,Provisional_hueco_observaciones,2026-09-04T11:26:43-03:00,OPEN_METEO_ECMWF_IFS_ARCHIVE_FALLBACK,OPEN_METEO_ECMWF_IFS_ARCHIVE_FALLBACK,OPEN_METEO_ECMWF_IFS_ARCHIVE_FALLBACK
2026-03-17,29.1,17.9,1.0,OPEN_METEO_ECMWF_IFS_ARCHIVE_FALLBACK,Provisional,Provisional_hueco_observaciones,2026-09-04T11:26:43-03:00,OPEN_METEO_ECMWF_IFS_ARCHIVE_FALLBACK,OPEN_METEO_ECMWF_IFS_ARCHIVE_FALLBACK,OPEN_METEO_ECMWF_IFS_ARCHIVE_FALLBACK
2026-03-18,26.5,15.1,0.0,OPEN_METEO_ECMWF_IFS_ARCHIVE_FALLBACK,Provisional,Provisional_hueco_observaciones,2026-09-04T11:26:43-03:00,OPEN_METEO_ECMWF_IFS_ARCHIVE_FALLBACK,OPEN_METEO_ECMWF_IFS_ARCHIVE_FALLBACK,OPEN_METEO_ECMWF_IFS_ARCHIVE_FALLBACK
2026-03-19,27.9,15.4,0.0,OPEN_METEO_ECMWF_IFS_ARCHIVE_FALLBACK,Provisional,Provisional_hueco_observaciones,2026-09-04T11:26:43-03:00,OPEN_METEO_ECMWF_IFS_ARCHIVE_FALLBACK,OPEN_METEO_ECMWF_IFS_ARCHIVE_FALLBACK,OPEN_METEO_ECMWF_IFS_ARCHIVE_FALLBACK
2026-03-20,27.4,18.7,11.4,OPEN_METEO_ECMWF_IFS_ARCHIVE_FALLBACK,Provisional,Provisional_hueco_observaciones,2026-09-04T11:26:43-03:00,OPEN_METEO_ECMWF_IFS_ARCHIVE_FALLBACK,OPEN_METEO_ECMWF_IFS_ARCHIVE_FALLBACK,OPEN_METEO_ECMWF_IFS_ARCHIVE_FALLBACK
2026-03-21,21.4,14.0,9.5,OPEN_METEO_ECMWF_IFS_ARCHIVE_FALLBACK,Provisional,Provisional_hueco_observaciones,2026-09-04T11:26:43-03:00,OPEN_METEO_ECMWF_IFS_ARCHIVE_FALLBACK,OPEN_METEO_ECMWF_IFS_ARCHIVE_FALLBACK,OPEN_METEO_ECMWF_IFS_ARCHIVE_FALLBACK
2026-03-22,23.0,9.7,0.0,OPEN_METEO_ECMWF_IFS_ARCHIVE_FALLBACK,Provisional,Provisional_hueco_observaciones,2026-09-04T11:26:43-03:00,OPEN_METEO_ECMWF_IFS_ARCHIVE_FALLBACK,OPEN_METEO_ECMWF_IFS_ARCHIVE_FALLBACK,OPEN_METEO_ECMWF_IFS_ARCHIVE_FALLBACK
2026-03-23,23.4,12.5,0.0,OPEN_METEO_ECMWF_IFS_ARCHIVE_FALLBACK,Provisional,Provisional_hueco_observaciones,2026-09-04T11:26:43-03:00,OPEN_METEO_ECMWF_IFS_ARCHIVE_FALLBACK,OPEN_METEO_ECMWF_IFS_ARCHIVE_FALLBACK,OPEN_METEO_ECMWF_IFS_ARCHIVE_FALLBACK
2026-03-24,23.3,7.2,0.0,OPEN_METEO_ECMWF_IFS_ARCHIVE_FALLBACK,Provisional,Provisional_hueco_observaciones,2026-09-04T11:26:43-03:00,OPEN_METEO_ECMWF_IFS_ARCHIVE_FALLBACK,OPEN_METEO_ECMWF_IFS_ARCHIVE_FALLBACK,OPEN_METEO_ECMWF_IFS_ARCHIVE_FALLBACK
2026-03-25,25.1,9.7,0.0,OPEN_METEO_ECMWF_IFS_ARCHIVE_FALLBACK,Provisional,Provisional_hueco_observaciones,2026-09-04T11:26:43-03:00,OPEN_METEO_ECMWF_IFS_ARCHIVE_FALLBACK,OPEN_METEO_ECMWF_IFS_ARCHIVE_FALLBACK,OPEN_METEO_ECMWF_IFS_ARCHIVE_FALLBACK
2026-03-26,25.1,12.5,0.0,OPEN_METEO_ECMWF_IFS_ARCHIVE_FALLBACK,Provisional,Provisional_hueco_observaciones,2026-09-04T11:26:43-03:00,OPEN_METEO_ECMWF_IFS_ARCHIVE_FALLBACK,OPEN_METEO_ECMWF_IFS_ARCHIVE_FALLBACK,OPEN_METEO_ECMWF_IFS_ARCHIVE_FALLBACK
2026-03-27,27.6,17.6,0.0,OPEN_METEO_ECMWF_IFS_ARCHIVE_FALLBACK,Provisional,Provisional_hueco_observaciones,2026-09-04T11:26:43-03:00,OPEN_METEO_ECMWF_IFS_ARCHIVE_FALLBACK,OPEN_METEO_ECMWF_IFS_ARCHIVE_FALLBACK,OPEN_METEO_ECMWF_IFS_ARCHIVE_FALLBACK
2026-03-28,31.1,21.0,0.8,OPEN_METEO_ECMWF_IFS_ARCHIVE_FALLBACK,Provisional,Provisional_hueco_observaciones,2026-09-04T11:26:43-03:00,OPEN_METEO_ECMWF_IFS_ARCHIVE_FALLBACK,OPEN_METEO_ECMWF_IFS_ARCHIVE_FALLBACK,OPEN_METEO_ECMWF_IFS_ARCHIVE_FALLBACK
2026-03-29,33.6,23.6,1.5,OPEN_METEO_ECMWF_IFS_ARCHIVE_FALLBACK,Provisional,Provisional_hueco_observaciones,2026-09-04T11:26:43-03:00,OPEN_METEO_ECMWF_IFS_ARCHIVE_FALLBACK,OPEN_METEO_ECMWF_IFS_ARCHIVE_FALLBACK,OPEN_METEO_ECMWF_IFS_ARCHIVE_FALLBACK
2026-03-30,32.4,23.9,1.1,OPEN_METEO_ECMWF_IFS_ARCHIVE_FALLBACK,Provisional,Provisional_hueco_observaciones,2026-09-04T11:26:43-03:00,OPEN_METEO_ECMWF_IFS_ARCHIVE_FALLBACK,OPEN_METEO_ECMWF_IFS_ARCHIVE_FALLBACK,OPEN_METEO_ECMWF_IFS_ARCHIVE_FALLBACK
2026-03-31,33.5,23.9,0.4,OPEN_METEO_ECMWF_IFS_ARCHIVE_FALLBACK,Provisional,Provisional_hueco_observaciones,2026-09-04T11:26:43-03:00,OPEN_METEO_ECMWF_IFS_ARCHIVE_FALLBACK,OPEN_METEO_ECMWF_IFS_ARCHIVE_FALLBACK,OPEN_METEO_ECMWF_IFS_ARCHIVE_FALLBACK
2026-04-01,31.2,23.2,14.3,OPEN_METEO_ECMWF_IFS_ARCHIVE_FALLBACK,Provisional,Provisional_hueco_observaciones,2026-09-04T11:26:43-03:00,OPEN_METEO_ECMWF_IFS_ARCHIVE_FALLBACK,OPEN_METEO_ECMWF_IFS_ARCHIVE_FALLBACK,OPEN_METEO_ECMWF_IFS_ARCHIVE_FALLBACK
2026-04-02,27.7,21.9,20.2,OPEN_METEO_ECMWF_IFS_ARCHIVE_FALLBACK,Provisional,Provisional_hueco_observaciones,2026-09-04T11:26:43-03:00,OPEN_METEO_ECMWF_IFS_ARCHIVE_FALLBACK,OPEN_METEO_ECMWF_IFS_ARCHIVE_FALLBACK,OPEN_METEO_ECMWF_IFS_ARCHIVE_FALLBACK
2026-04-03,30.3,19.3,2.4,OPEN_METEO_ECMWF_IFS_ARCHIVE_FALLBACK,Provisional,Provisional_hueco_observaciones,2026-09-04T11:26:43-03:00,OPEN_METEO_ECMWF_IFS_ARCHIVE_FALLBACK,OPEN_METEO_ECMWF_IFS_ARCHIVE_FALLBACK,OPEN_METEO_ECMWF_IFS_ARCHIVE_FALLBACK
2026-04-04,22.2,15.1,14.1,OPEN_METEO_ECMWF_IFS_ARCHIVE_FALLBACK,Provisional,Provisional_hueco_observaciones,2026-09-04T11:26:43-03:00,OPEN_METEO_ECMWF_IFS_ARCHIVE_FALLBACK,OPEN_METEO_ECMWF_IFS_ARCHIVE_FALLBACK,OPEN_METEO_ECMWF_IFS_ARCHIVE_FALLBACK
2026-04-05,17.8,12.3,0.2,OPEN_METEO_ECMWF_IFS_ARCHIVE_FALLBACK,Provisional,Provisional_hueco_observaciones,2026-09-04T11:26:43-03:00,OPEN_METEO_ECMWF_IFS_ARCHIVE_FALLBACK,OPEN_METEO_ECMWF_IFS_ARCHIVE_FALLBACK,OPEN_METEO_ECMWF_IFS_ARCHIVE_FALLBACK
2026-04-06,16.8,13.7,57.0,OPEN_METEO_ECMWF_IFS_ARCHIVE_FALLBACK,Provisional,Provisional_hueco_observaciones,2026-09-04T11:26:43-03:00,OPEN_METEO_ECMWF_IFS_ARCHIVE_FALLBACK,OPEN_METEO_ECMWF_IFS_ARCHIVE_FALLBACK,OPEN_METEO_ECMWF_IFS_ARCHIVE_FALLBACK
2026-04-07,20.9,16.0,0.7,OPEN_METEO_ECMWF_IFS_ARCHIVE_FALLBACK,Provisional,Provisional_hueco_observaciones,2026-09-04T11:26:43-03:00,OPEN_METEO_ECMWF_IFS_ARCHIVE_FALLBACK,OPEN_METEO_ECMWF_IFS_ARCHIVE_FALLBACK,OPEN_METEO_ECMWF_IFS_ARCHIVE_FALLBACK
2026-04-08,21.6,12.8,0.0,OPEN_METEO_ECMWF_IFS_ARCHIVE_FALLBACK,Provisional,Provisional_hueco_observaciones,2026-09-04T11:26:43-03:00,OPEN_METEO_ECMWF_IFS_ARCHIVE_FALLBACK,OPEN_METEO_ECMWF_IFS_ARCHIVE_FALLBACK,OPEN_METEO_ECMWF_IFS_ARCHIVE_FALLBACK
2026-04-09,21.9,11.2,0.0,OPEN_METEO_ECMWF_IFS_ARCHIVE_FALLBACK,Provisional,Provisional_hueco_observaciones,2026-09-04T11:26:43-03:00,OPEN_METEO_ECMWF_IFS_ARCHIVE_FALLBACK,OPEN_METEO_ECMWF_IFS_ARCHIVE_FALLBACK,OPEN_METEO_ECMWF_IFS_ARCHIVE_FALLBACK
2026-04-10,23.8,11.3,0.0,OPEN_METEO_ECMWF_IFS_ARCHIVE_FALLBACK,Provisional,Provisional_hueco_observaciones,2026-09-04T11:26:43-03:00,OPEN_METEO_ECMWF_IFS_ARCHIVE_FALLBACK,OPEN_METEO_ECMWF_IFS_ARCHIVE_FALLBACK,OPEN_METEO_ECMWF_IFS_ARCHIVE_FALLBACK
2026-04-11,21.4,13.5,1.2,OPEN_METEO_ECMWF_IFS_ARCHIVE_FALLBACK,Provisional,Provisional_hueco_observaciones,2026-09-04T11:26:43-03:00,OPEN_METEO_ECMWF_IFS_ARCHIVE_FALLBACK,OPEN_METEO_ECMWF_IFS_ARCHIVE_FALLBACK,OPEN_METEO_ECMWF_IFS_ARCHIVE_FALLBACK
2026-04-12,25.2,12.4,0.0,OPEN_METEO_ECMWF_IFS_ARCHIVE_FALLBACK,Provisional,Provisional_hueco_observaciones,2026-09-04T11:26:43-03:00,OPEN_METEO_ECMWF_IFS_ARCHIVE_FALLBACK,OPEN_METEO_ECMWF_IFS_ARCHIVE_FALLBACK,OPEN_METEO_ECMWF_IFS_ARCHIVE_FALLBACK
2026-04-13,25.5,14.0,0.0,OPEN_METEO_ECMWF_IFS_ARCHIVE_FALLBACK,Provisional,Provisional_hueco_observaciones,2026-09-04T11:26:43-03:00,OPEN_METEO_ECMWF_IFS_ARCHIVE_FALLBACK,OPEN_METEO_ECMWF_IFS_ARCHIVE_FALLBACK,OPEN_METEO_ECMWF_IFS_ARCHIVE_FALLBACK
2026-04-14,24.7,18.4,3.4,OPEN_METEO_ECMWF_IFS_ARCHIVE_FALLBACK,Provisional,Provisional_hueco_observaciones,2026-09-04T11:26:43-03:00,OPEN_METEO_ECMWF_IFS_ARCHIVE_FALLBACK,OPEN_METEO_ECMWF_IFS_ARCHIVE_FALLBACK,OPEN_METEO_ECMWF_IFS_ARCHIVE_FALLBACK
2026-04-15,20.6,19.2,27.2,OPEN_METEO_ECMWF_IFS_ARCHIVE_FALLBACK,Provisional,Provisional_hueco_observaciones,2026-09-04T11:26:43-03:00,OPEN_METEO_ECMWF_IFS_ARCHIVE_FALLBACK,OPEN_METEO_ECMWF_IFS_ARCHIVE_FALLBACK,OPEN_METEO_ECMWF_IFS_ARCHIVE_FALLBACK
2026-04-16,25.6,18.8,0.0,OPEN_METEO_ECMWF_IFS_ARCHIVE_FALLBACK,Provisional,Provisional_hueco_observaciones,2026-09-04T11:26:43-03:00,OPEN_METEO_ECMWF_IFS_ARCHIVE_FALLBACK,OPEN_METEO_ECMWF_IFS_ARCHIVE_FALLBACK,OPEN_METEO_ECMWF_IFS_ARCHIVE_FALLBACK
2026-04-17,26.3,15.0,0.0,OPEN_METEO_ECMWF_IFS_ARCHIVE_FALLBACK,Provisional,Provisional_hueco_observaciones,2026-09-04T11:26:43-03:00,OPEN_METEO_ECMWF_IFS_ARCHIVE_FALLBACK,OPEN_METEO_ECMWF_IFS_ARCHIVE_FALLBACK,OPEN_METEO_ECMWF_IFS_ARCHIVE_FALLBACK
2026-04-18,26.6,14.2,0.0,OPEN_METEO_ECMWF_IFS_ARCHIVE_FALLBACK,Provisional,Provisional_hueco_observaciones,2026-09-04T11:26:43-03:00,OPEN_METEO_ECMWF_IFS_ARCHIVE_FALLBACK,OPEN_METEO_ECMWF_IFS_ARCHIVE_FALLBACK,OPEN_METEO_ECMWF_IFS_ARCHIVE_FALLBACK
2026-04-19,26.5,16.5,0.6,OPEN_METEO_ECMWF_IFS_ARCHIVE_FALLBACK,Provisional,Provisional_hueco_observaciones,2026-09-04T11:26:43-03:00,OPEN_METEO_ECMWF_IFS_ARCHIVE_FALLBACK,OPEN_METEO_ECMWF_IFS_ARCHIVE_FALLBACK,OPEN_METEO_ECMWF_IFS_ARCHIVE_FALLBACK
2026-04-20,25.1,16.9,0.5,OPEN_METEO_ECMWF_IFS_ARCHIVE_FALLBACK,Provisional,Provisional_hueco_observaciones,2026-09-04T11:26:43-03:00,OPEN_METEO_ECMWF_IFS_ARCHIVE_FALLBACK,OPEN_METEO_ECMWF_IFS_ARCHIVE_FALLBACK,OPEN_METEO_ECMWF_IFS_ARCHIVE_FALLBACK
2026-04-21,18.9,15.3,0.4,OPEN_METEO_ECMWF_IFS_ARCHIVE_FALLBACK,Provisional,Provisional_hueco_observaciones,2026-09-04T11:26:43-03:00,OPEN_METEO_ECMWF_IFS_ARCHIVE_FALLBACK,OPEN_METEO_ECMWF_IFS_ARCHIVE_FALLBACK,OPEN_METEO_ECMWF_IFS_ARCHIVE_FALLBACK
2026-04-22,20.4,9.8,0.3,OPEN_METEO_ECMWF_IFS_ARCHIVE_FALLBACK,Provisional,Provisional_hueco_observaciones,2026-09-04T11:26:43-03:00,OPEN_METEO_ECMWF_IFS_ARCHIVE_FALLBACK,OPEN_METEO_ECMWF_IFS_ARCHIVE_FALLBACK,OPEN_METEO_ECMWF_IFS_ARCHIVE_FALLBACK
2026-04-23,22.2,8.7,0.0,OPEN_METEO_ECMWF_IFS_ARCHIVE_FALLBACK,Provisional,Provisional_hueco_observaciones,2026-09-04T11:26:43-03:00,OPEN_METEO_ECMWF_IFS_ARCHIVE_FALLBACK,OPEN_METEO_ECMWF_IFS_ARCHIVE_FALLBACK,OPEN_METEO_ECMWF_IFS_ARCHIVE_FALLBACK
2026-04-24,22.8,11.3,0.0,OPEN_METEO_ECMWF_IFS_ARCHIVE_FALLBACK,Provisional,Provisional_hueco_observaciones,2026-09-04T11:26:43-03:00,OPEN_METEO_ECMWF_IFS_ARCHIVE_FALLBACK,OPEN_METEO_ECMWF_IFS_ARCHIVE_FALLBACK,OPEN_METEO_ECMWF_IFS_ARCHIVE_FALLBACK
2026-04-25,23.5,13.2,6.2,OPEN_METEO_ECMWF_IFS_ARCHIVE_FALLBACK,Provisional,Provisional_hueco_observaciones,2026-09-04T11:26:43-03:00,OPEN_METEO_ECMWF_IFS_ARCHIVE_FALLBACK,OPEN_METEO_ECMWF_IFS_ARCHIVE_FALLBACK,OPEN_METEO_ECMWF_IFS_ARCHIVE_FALLBACK
2026-04-26,18.4,8.6,0.1,OPEN_METEO_ECMWF_IFS_ARCHIVE_FALLBACK,Provisional,Provisional_hueco_observaciones,2026-09-04T11:26:43-03:00,OPEN_METEO_ECMWF_IFS_ARCHIVE_FALLBACK,OPEN_METEO_ECMWF_IFS_ARCHIVE_FALLBACK,OPEN_METEO_ECMWF_IFS_ARCHIVE_FALLBACK
2026-04-27,15.3,5.2,0.0,OPEN_METEO_ECMWF_IFS_ARCHIVE_FALLBACK,Provisional,Provisional_hueco_observaciones,2026-09-04T11:26:43-03:00,OPEN_METEO_ECMWF_IFS_ARCHIVE_FALLBACK,OPEN_METEO_ECMWF_IFS_ARCHIVE_FALLBACK,OPEN_METEO_ECMWF_IFS_ARCHIVE_FALLBACK
2026-04-28,20.9,5.5,0.0,OPEN_METEO_ECMWF_IFS_ARCHIVE_FALLBACK,Provisional,Provisional_hueco_observaciones,2026-09-04T11:26:43-03:00,OPEN_METEO_ECMWF_IFS_ARCHIVE_FALLBACK,OPEN_METEO_ECMWF_IFS_ARCHIVE_FALLBACK,OPEN_METEO_ECMWF_IFS_ARCHIVE_FALLBACK
2026-04-29,23.3,10.4,0.0,OPEN_METEO_ECMWF_IFS_ARCHIVE_FALLBACK,Provisional,Provisional_hueco_observaciones,2026-09-04T11:26:43-03:00,OPEN_METEO_ECMWF_IFS_ARCHIVE_FALLBACK,OPEN_METEO_ECMWF_IFS_ARCHIVE_FALLBACK,OPEN_METEO_ECMWF_IFS_ARCHIVE_FALLBACK
2026-04-30,23.5,7.3,0.0,OPEN_METEO_ECMWF_IFS_ARCHIVE_FALLBACK,Provisional,Provisional_hueco_observaciones,2026-09-04T11:26:43-03:00,OPEN_METEO_ECMWF_IFS_ARCHIVE_FALLBACK,OPEN_METEO_ECMWF_IFS_ARCHIVE_FALLBACK,OPEN_METEO_ECMWF_IFS_ARCHIVE_FALLBACK
2026-05-01,25.2,14.0,0.1,OPEN_METEO_ECMWF_IFS_ARCHIVE_FALLBACK,Provisional,Provisional_hueco_observaciones,2026-09-04T11:26:43-03:00,OPEN_METEO_ECMWF_IFS_ARCHIVE_FALLBACK,OPEN_METEO_ECMWF_IFS_ARCHIVE_FALLBACK,OPEN_METEO_ECMWF_IFS_ARCHIVE_FALLBACK
2026-05-02,17.5,6.6,0.0,OPEN_METEO_ECMWF_IFS_ARCHIVE_FALLBACK,Provisional,Provisional_hueco_observaciones,2026-09-04T11:26:43-03:00,OPEN_METEO_ECMWF_IFS_ARCHIVE_FALLBACK,OPEN_METEO_ECMWF_IFS_ARCHIVE_FALLBACK,OPEN_METEO_ECMWF_IFS_ARCHIVE_FALLBACK
2026-05-03,17.4,4.6,0.0,OPEN_METEO_ECMWF_IFS_ARCHIVE_FALLBACK,Provisional,Provisional_hueco_observaciones,2026-09-04T11:26:43-03:00,OPEN_METEO_ECMWF_IFS_ARCHIVE_FALLBACK,OPEN_METEO_ECMWF_IFS_ARCHIVE_FALLBACK,OPEN_METEO_ECMWF_IFS_ARCHIVE_FALLBACK
2026-05-04,21.7,6.8,0.0,OPEN_METEO_ECMWF_IFS_ARCHIVE_FALLBACK,Provisional,Provisional_hueco_observaciones,2026-09-04T11:26:43-03:00,OPEN_METEO_ECMWF_IFS_ARCHIVE_FALLBACK,OPEN_METEO_ECMWF_IFS_ARCHIVE_FALLBACK,OPEN_METEO_ECMWF_IFS_ARCHIVE_FALLBACK
2026-05-05,25.2,14.5,0.6,OPEN_METEO_ECMWF_IFS_ARCHIVE_FALLBACK,Provisional,Provisional_hueco_observaciones,2026-09-04T11:26:43-03:00,OPEN_METEO_ECMWF_IFS_ARCHIVE_FALLBACK,OPEN_METEO_ECMWF_IFS_ARCHIVE_FALLBACK,OPEN_METEO_ECMWF_IFS_ARCHIVE_FALLBACK
2026-05-06,29.0,18.3,21.4,OPEN_METEO_ECMWF_IFS_ARCHIVE_FALLBACK,Provisional,Provisional_hueco_observaciones,2026-09-04T11:26:43-03:00,OPEN_METEO_ECMWF_IFS_ARCHIVE_FALLBACK,OPEN_METEO_ECMWF_IFS_ARCHIVE_FALLBACK,OPEN_METEO_ECMWF_IFS_ARCHIVE_FALLBACK
2026-05-07,20.8,12.0,6.4,OPEN_METEO_ECMWF_IFS_ARCHIVE_FALLBACK,Provisional,Provisional_hueco_observaciones,2026-09-04T11:26:43-03:00,OPEN_METEO_ECMWF_IFS_ARCHIVE_FALLBACK,OPEN_METEO_ECMWF_IFS_ARCHIVE_FALLBACK,OPEN_METEO_ECMWF_IFS_ARCHIVE_FALLBACK
2026-05-08,13.9,7.6,0.0,OPEN_METEO_ECMWF_IFS_ARCHIVE_FALLBACK,Provisional,Provisional_hueco_observaciones,2026-09-04T11:26:43-03:00,OPEN_METEO_ECMWF_IFS_ARCHIVE_FALLBACK,OPEN_METEO_ECMWF_IFS_ARCHIVE_FALLBACK,OPEN_METEO_ECMWF_IFS_ARCHIVE_FALLBACK
2026-05-09,11.0,7.6,0.3,OPEN_METEO_ECMWF_IFS_ARCHIVE_FALLBACK,Provisional,Provisional_hueco_observaciones,2026-09-04T11:26:43-03:00,OPEN_METEO_ECMWF_IFS_ARCHIVE_FALLBACK,OPEN_METEO_ECMWF_IFS_ARCHIVE_FALLBACK,OPEN_METEO_ECMWF_IFS_ARCHIVE_FALLBACK
2026-05-10,16.1,2.9,0.0,OPEN_METEO_ECMWF_IFS_ARCHIVE_FALLBACK,Provisional,Provisional_hueco_observaciones,2026-09-04T11:26:43-03:00,OPEN_METEO_ECMWF_IFS_ARCHIVE_FALLBACK,OPEN_METEO_ECMWF_IFS_ARCHIVE_FALLBACK,OPEN_METEO_ECMWF_IFS_ARCHIVE_FALLBACK
2026-05-11,19.0,2.3,0.0,OPEN_METEO_ECMWF_IFS_ARCHIVE_FALLBACK,Provisional,Provisional_hueco_observaciones,2026-09-04T11:26:43-03:00,OPEN_METEO_ECMWF_IFS_ARCHIVE_FALLBACK,OPEN_METEO_ECMWF_IFS_ARCHIVE_FALLBACK,OPEN_METEO_ECMWF_IFS_ARCHIVE_FALLBACK
2026-05-12,21.8,8.0,0.0,OPEN_METEO_ECMWF_IFS_ARCHIVE_FALLBACK,Provisional,Provisional_hueco_observaciones,2026-09-04T11:26:43-03:00,OPEN_METEO_ECMWF_IFS_ARCHIVE_FALLBACK,OPEN_METEO_ECMWF_IFS_ARCHIVE_FALLBACK,OPEN_METEO_ECMWF_IFS_ARCHIVE_FALLBACK
2026-05-13,17.2,8.6,0.0,OPEN_METEO_ECMWF_IFS_ARCHIVE_FALLBACK,Provisional,Provisional_hueco_observaciones,2026-09-04T11:26:43-03:00,OPEN_METEO_ECMWF_IFS_ARCHIVE_FALLBACK,OPEN_METEO_ECMWF_IFS_ARCHIVE_FALLBACK,OPEN_METEO_ECMWF_IFS_ARCHIVE_FALLBACK
2026-05-14,17.7,9.0,0.0,OPEN_METEO_ECMWF_IFS_ARCHIVE_FALLBACK,Provisional,Provisional_hueco_observaciones,2026-09-04T11:26:43-03:00,OPEN_METEO_ECMWF_IFS_ARCHIVE_FALLBACK,OPEN_METEO_ECMWF_IFS_ARCHIVE_FALLBACK,OPEN_METEO_ECMWF_IFS_ARCHIVE_FALLBACK
2026-05-15,17.6,5.9,0.0,OPEN_METEO_ECMWF_IFS_ARCHIVE_FALLBACK,Provisional,Provisional_hueco_observaciones,2026-09-04T11:26:43-03:00,OPEN_METEO_ECMWF_IFS_ARCHIVE_FALLBACK,OPEN_METEO_ECMWF_IFS_ARCHIVE_FALLBACK,OPEN_METEO_ECMWF_IFS_ARCHIVE_FALLBACK
2026-05-16,17.4,6.5,0.7,OPEN_METEO_ECMWF_IFS_ARCHIVE_FALLBACK,Provisional,Provisional_hueco_observaciones,2026-09-04T11:26:43-03:00,OPEN_METEO_ECMWF_IFS_ARCHIVE_FALLBACK,OPEN_METEO_ECMWF_IFS_ARCHIVE_FALLBACK,OPEN_METEO_ECMWF_IFS_ARCHIVE_FALLBACK
2026-05-17,12.6,7.0,4.5,OPEN_METEO_ECMWF_IFS_ARCHIVE_FALLBACK,Provisional,Provisional_hueco_observaciones,2026-09-04T11:26:43-03:00,OPEN_METEO_ECMWF_IFS_ARCHIVE_FALLBACK,OPEN_METEO_ECMWF_IFS_ARCHIVE_FALLBACK,OPEN_METEO_ECMWF_IFS_ARCHIVE_FALLBACK
2026-05-18,15.2,3.1,0.0,OPEN_METEO_ECMWF_IFS_ARCHIVE_FALLBACK,Provisional,Provisional_hueco_observaciones,2026-09-04T11:26:43-03:00,OPEN_METEO_ECMWF_IFS_ARCHIVE_FALLBACK,OPEN_METEO_ECMWF_IFS_ARCHIVE_FALLBACK,OPEN_METEO_ECMWF_IFS_ARCHIVE_FALLBACK
2026-05-19,17.4,2.7,0.0,OPEN_METEO_ECMWF_IFS_ARCHIVE_FALLBACK,Provisional,Provisional_hueco_observaciones,2026-09-04T11:26:43-03:00,OPEN_METEO_ECMWF_IFS_ARCHIVE_FALLBACK,OPEN_METEO_ECMWF_IFS_ARCHIVE_FALLBACK,OPEN_METEO_ECMWF_IFS_ARCHIVE_FALLBACK
2026-05-20,17.5,5.0,0.0,OPEN_METEO_ECMWF_IFS_ARCHIVE_FALLBACK,Provisional,Provisional_hueco_observaciones,2026-09-04T11:26:43-03:00,OPEN_METEO_ECMWF_IFS_ARCHIVE_FALLBACK,OPEN_METEO_ECMWF_IFS_ARCHIVE_FALLBACK,OPEN_METEO_ECMWF_IFS_ARCHIVE_FALLBACK
2026-05-21,13.1,6.0,0.0,OPEN_METEO_ECMWF_IFS_ARCHIVE_FALLBACK,Provisional,Provisional_hueco_observaciones,2026-09-04T11:26:43-03:00,OPEN_METEO_ECMWF_IFS_ARCHIVE_FALLBACK,OPEN_METEO_ECMWF_IFS_ARCHIVE_FALLBACK,OPEN_METEO_ECMWF_IFS_ARCHIVE_FALLBACK
2026-05-22,13.1,2.6,0.0,OPEN_METEO_ECMWF_IFS_ARCHIVE_FALLBACK,Provisional,Provisional_hueco_observaciones,2026-09-04T11:26:43-03:00,OPEN_METEO_ECMWF_IFS_ARCHIVE_FALLBACK,OPEN_METEO_ECMWF_IFS_ARCHIVE_FALLBACK,OPEN_METEO_ECMWF_IFS_ARCHIVE_FALLBACK
2026-05-23,14.5,2.7,0.0,OPEN_METEO_ECMWF_IFS_ARCHIVE_FALLBACK,Provisional,Provisional_hueco_observaciones,2026-09-04T11:26:43-03:00,OPEN_METEO_ECMWF_IFS_ARCHIVE_FALLBACK,OPEN_METEO_ECMWF_IFS_ARCHIVE_FALLBACK,OPEN_METEO_ECMWF_IFS_ARCHIVE_FALLBACK
2026-05-24,15.9,5.6,0.0,OPEN_METEO_ECMWF_IFS_ARCHIVE_FALLBACK,Provisional,Provisional_hueco_observaciones,2026-09-04T11:26:43-03:00,OPEN_METEO_ECMWF_IFS_ARCHIVE_FALLBACK,OPEN_METEO_ECMWF_IFS_ARCHIVE_FALLBACK,OPEN_METEO_ECMWF_IFS_ARCHIVE_FALLBACK
2026-05-25,17.6,5.6,0.0,OPEN_METEO_ECMWF_IFS_ARCHIVE_FALLBACK,Provisional,Provisional_hueco_observaciones,2026-09-04T11:26:43-03:00,OPEN_METEO_ECMWF_IFS_ARCHIVE_FALLBACK,OPEN_METEO_ECMWF_IFS_ARCHIVE_FALLBACK,OPEN_METEO_ECMWF_IFS_ARCHIVE_FALLBACK
2026-05-26,16.9,4.9,0.0,OPEN_METEO_ECMWF_IFS_ARCHIVE_FALLBACK,Provisional,Provisional_hueco_observaciones,2026-09-04T11:26:43-03:00,OPEN_METEO_ECMWF_IFS_ARCHIVE_FALLBACK,OPEN_METEO_ECMWF_IFS_ARCHIVE_FALLBACK,OPEN_METEO_ECMWF_IFS_ARCHIVE_FALLBACK
2026-05-27,15.8,7.5,0.0,OPEN_METEO_ECMWF_IFS_ARCHIVE_FALLBACK,Provisional,Provisional_hueco_observaciones,2026-09-04T11:26:43-03:00,OPEN_METEO_ECMWF_IFS_ARCHIVE_FALLBACK,OPEN_METEO_ECMWF_IFS_ARCHIVE_FALLBACK,OPEN_METEO_ECMWF_IFS_ARCHIVE_FALLBACK
2026-05-28,17.8,8.3,0.0,OPEN_METEO_ECMWF_IFS_ARCHIVE_FALLBACK,Provisional,Provisional_hueco_observaciones,2026-09-04T11:26:43-03:00,OPEN_METEO_ECMWF_IFS_ARCHIVE_FALLBACK,OPEN_METEO_ECMWF_IFS_ARCHIVE_FALLBACK,OPEN_METEO_ECMWF_IFS_ARCHIVE_FALLBACK
2026-05-29,18.0,11.0,0.1,OPEN_METEO_ECMWF_IFS_ARCHIVE_FALLBACK,Provisional,Provisional_hueco_observaciones,2026-09-04T11:26:43-03:00,OPEN_METEO_ECMWF_IFS_ARCHIVE_FALLBACK,OPEN_METEO_ECMWF_IFS_ARCHIVE_FALLBACK,OPEN_METEO_ECMWF_IFS_ARCHIVE_FALLBACK
2026-05-30,16.7,6.7,0.0,OPEN_METEO_ECMWF_IFS_ARCHIVE_FALLBACK,Provisional,Provisional_hueco_observaciones,2026-09-04T11:26:43-03:00,OPEN_METEO_ECMWF_IFS_ARCHIVE_FALLBACK,OPEN_METEO_ECMWF_IFS_ARCHIVE_FALLBACK,OPEN_METEO_ECMWF_IFS_ARCHIVE_FALLBACK
2026-05-31,18.8,4.5,0.0,OPEN_METEO_ECMWF_IFS_ARCHIVE_FALLBACK,Provisional,Provisional_hueco_observaciones,2026-09-04T11:26:43-03:00,OPEN_METEO_ECMWF_IFS_ARCHIVE_FALLBACK,OPEN_METEO_ECMWF_IFS_ARCHIVE_FALLBACK,OPEN_METEO_ECMWF_IFS_ARCHIVE_FALLBACK
2026-06-01,18.8,9.7,0.0,OPEN_METEO_ECMWF_IFS_ARCHIVE_FALLBACK,Provisional,Provisional_hueco_observaciones,2026-09-04T11:26:43-03:00,OPEN_METEO_ECMWF_IFS_ARCHIVE_FALLBACK,OPEN_METEO_ECMWF_IFS_ARCHIVE_FALLBACK,OPEN_METEO_ECMWF_IFS_ARCHIVE_FALLBACK
2026-06-02,16.2,8.7,0.0,OPEN_METEO_ECMWF_IFS_ARCHIVE_FALLBACK,Provisional,Provisional_hueco_observaciones,2026-09-04T11:26:43-03:00,OPEN_METEO_ECMWF_IFS_ARCHIVE_FALLBACK,OPEN_METEO_ECMWF_IFS_ARCHIVE_FALLBACK,OPEN_METEO_ECMWF_IFS_ARCHIVE_FALLBACK
2026-06-03,18.2,10.5,0.3,OPEN_METEO_ECMWF_IFS_ARCHIVE_FALLBACK,Provisional,Provisional_hueco_observaciones,2026-09-04T11:26:43-03:00,OPEN_METEO_ECMWF_IFS_ARCHIVE_FALLBACK,OPEN_METEO_ECMWF_IFS_ARCHIVE_FALLBACK,OPEN_METEO_ECMWF_IFS_ARCHIVE_FALLBACK
2026-06-04,21.9,13.9,0.1,OPEN_METEO_ECMWF_IFS_ARCHIVE_FALLBACK,Provisional,Provisional_hueco_observaciones,2026-09-04T11:26:43-03:00,OPEN_METEO_ECMWF_IFS_ARCHIVE_FALLBACK,OPEN_METEO_ECMWF_IFS_ARCHIVE_FALLBACK,OPEN_METEO_ECMWF_IFS_ARCHIVE_FALLBACK
2026-06-05,20.9,12.8,0.6,OPEN_METEO_ECMWF_IFS_ARCHIVE_FALLBACK,Provisional,Provisional_hueco_observaciones,2026-09-04T11:26:43-03:00,OPEN_METEO_ECMWF_IFS_ARCHIVE_FALLBACK,OPEN_METEO_ECMWF_IFS_ARCHIVE_FALLBACK,OPEN_METEO_ECMWF_IFS_ARCHIVE_FALLBACK
2026-06-06,21.9,13.2,0.0,OPEN_METEO_ECMWF_IFS_ARCHIVE_FALLBACK,Provisional,Provisional_hueco_observaciones,2026-09-04T11:26:43-03:00,OPEN_METEO_ECMWF_IFS_ARCHIVE_FALLBACK,OPEN_METEO_ECMWF_IFS_ARCHIVE_FALLBACK,OPEN_METEO_ECMWF_IFS_ARCHIVE_FALLBACK
2026-06-07,16.8,13.7,6.4,OPEN_METEO_ECMWF_IFS_ARCHIVE_FALLBACK,Provisional,Provisional_hueco_observaciones,2026-09-04T11:26:43-03:00,OPEN_METEO_ECMWF_IFS_ARCHIVE_FALLBACK,OPEN_METEO_ECMWF_IFS_ARCHIVE_FALLBACK,OPEN_METEO_ECMWF_IFS_ARCHIVE_FALLBACK
2026-06-08,15.0,12.2,5.2,OPEN_METEO_ECMWF_IFS_ARCHIVE_FALLBACK,Provisional,Provisional_hueco_observaciones,2026-09-04T11:26:43-03:00,OPEN_METEO_ECMWF_IFS_ARCHIVE_FALLBACK,OPEN_METEO_ECMWF_IFS_ARCHIVE_FALLBACK,OPEN_METEO_ECMWF_IFS_ARCHIVE_FALLBACK
2026-06-09,14.6,11.6,0.7,OPEN_METEO_ECMWF_IFS_ARCHIVE_FALLBACK,Provisional,Provisional_hueco_observaciones,2026-09-04T11:26:43-03:00,OPEN_METEO_ECMWF_IFS_ARCHIVE_FALLBACK,OPEN_METEO_ECMWF_IFS_ARCHIVE_FALLBACK,OPEN_METEO_ECMWF_IFS_ARCHIVE_FALLBACK
2026-06-10,16.2,10.6,0.1,OPEN_METEO_ECMWF_IFS_ARCHIVE_FALLBACK,Provisional,Provisional_hueco_observaciones,2026-09-04T11:26:43-03:00,OPEN_METEO_ECMWF_IFS_ARCHIVE_FALLBACK,OPEN_METEO_ECMWF_IFS_ARCHIVE_FALLBACK,OPEN_METEO_ECMWF_IFS_ARCHIVE_FALLBACK
2026-06-11,17.7,9.7,0.0,OPEN_METEO_ECMWF_IFS_ARCHIVE_FALLBACK,Provisional,Provisional_hueco_observaciones,2026-09-04T11:26:43-03:00,OPEN_METEO_ECMWF_IFS_ARCHIVE_FALLBACK,OPEN_METEO_ECMWF_IFS_ARCHIVE_FALLBACK,OPEN_METEO_ECMWF_IFS_ARCHIVE_FALLBACK
2026-06-12,16.3,7.1,0.0,OPEN_METEO_ECMWF_IFS_ARCHIVE_FALLBACK,Provisional,Provisional_hueco_observaciones,2026-09-04T11:26:43-03:00,OPEN_METEO_ECMWF_IFS_ARCHIVE_FALLBACK,OPEN_METEO_ECMWF_IFS_ARCHIVE_FALLBACK,OPEN_METEO_ECMWF_IFS_ARCHIVE_FALLBACK
2026-06-13,15.5,8.3,0.4,OPEN_METEO_ECMWF_IFS_ARCHIVE_FALLBACK,Provisional,Provisional_hueco_observaciones,2026-09-04T11:26:43-03:00,OPEN_METEO_ECMWF_IFS_ARCHIVE_FALLBACK,OPEN_METEO_ECMWF_IFS_ARCHIVE_FALLBACK,OPEN_METEO_ECMWF_IFS_ARCHIVE_FALLBACK
2026-06-14,10.7,2.5,0.0,OPEN_METEO_ECMWF_IFS_ARCHIVE_FALLBACK,Provisional,Provisional_hueco_observaciones,2026-09-04T11:26:43-03:00,OPEN_METEO_ECMWF_IFS_ARCHIVE_FALLBACK,OPEN_METEO_ECMWF_IFS_ARCHIVE_FALLBACK,OPEN_METEO_ECMWF_IFS_ARCHIVE_FALLBACK
2026-06-15,13.9,0.8,0.0,OPEN_METEO_ECMWF_IFS_ARCHIVE_FALLBACK,Provisional,Provisional_hueco_observaciones,2026-09-04T11:26:43-03:00,OPEN_METEO_ECMWF_IFS_ARCHIVE_FALLBACK,OPEN_METEO_ECMWF_IFS_ARCHIVE_FALLBACK,OPEN_METEO_ECMWF_IFS_ARCHIVE_FALLBACK
2026-06-16,18.9,5.9,0.0,OPEN_METEO_ECMWF_IFS_ARCHIVE_FALLBACK,Provisional,Provisional_hueco_observaciones,2026-09-04T11:26:43-03:00,OPEN_METEO_ECMWF_IFS_ARCHIVE_FALLBACK,OPEN_METEO_ECMWF_IFS_ARCHIVE_FALLBACK,OPEN_METEO_ECMWF_IFS_ARCHIVE_FALLBACK
2026-06-17,15.3,5.1,0.0,OPEN_METEO_ECMWF_IFS_ARCHIVE_FALLBACK,Provisional,Provisional_hueco_observaciones,2026-09-04T11:26:43-03:00,OPEN_METEO_ECMWF_IFS_ARCHIVE_FALLBACK,OPEN_METEO_ECMWF_IFS_ARCHIVE_FALLBACK,OPEN_METEO_ECMWF_IFS_ARCHIVE_FALLBACK
2026-06-18,11.6,9.4,20.7,OPEN_METEO_ECMWF_IFS_ARCHIVE_FALLBACK,Provisional,Provisional_hueco_observaciones,2026-09-04T11:26:43-03:00,OPEN_METEO_ECMWF_IFS_ARCHIVE_FALLBACK,OPEN_METEO_ECMWF_IFS_ARCHIVE_FALLBACK,OPEN_METEO_ECMWF_IFS_ARCHIVE_FALLBACK
2026-06-19,16.3,6.0,0.0,OPEN_METEO_ECMWF_IFS_ARCHIVE_FALLBACK,Provisional,Provisional_hueco_observaciones,2026-09-04T11:26:43-03:00,OPEN_METEO_ECMWF_IFS_ARCHIVE_FALLBACK,OPEN_METEO_ECMWF_IFS_ARCHIVE_FALLBACK,OPEN_METEO_ECMWF_IFS_ARCHIVE_FALLBACK
2026-06-20,15.7,3.8,0.0,OPEN_METEO_ECMWF_IFS_ARCHIVE_FALLBACK,Provisional,Provisional_hueco_observaciones,2026-09-04T11:26:43-03:00,OPEN_METEO_ECMWF_IFS_ARCHIVE_FALLBACK,OPEN_METEO_ECMWF_IFS_ARCHIVE_FALLBACK,OPEN_METEO_ECMWF_IFS_ARCHIVE_FALLBACK
2026-06-21,14.8,4.6,0.0,OPEN_METEO_ECMWF_IFS_ARCHIVE_FALLBACK,Provisional,Provisional_hueco_observaciones,2026-09-04T11:26:43-03:00,OPEN_METEO_ECMWF_IFS_ARCHIVE_FALLBACK,OPEN_METEO_ECMWF_IFS_ARCHIVE_FALLBACK,OPEN_METEO_ECMWF_IFS_ARCHIVE_FALLBACK
2026-06-22,13.1,4.6,0.9,OPEN_METEO_ECMWF_IFS_ARCHIVE_FALLBACK,Provisional,Provisional_hueco_observaciones,2026-09-04T11:26:43-03:00,OPEN_METEO_ECMWF_IFS_ARCHIVE_FALLBACK,OPEN_METEO_ECMWF_IFS_ARCHIVE_FALLBACK,OPEN_METEO_ECMWF_IFS_ARCHIVE_FALLBACK
2026-06-23,13.8,2.9,0.0,OPEN_METEO_ECMWF_IFS_ARCHIVE_FALLBACK,Provisional,Provisional_hueco_observaciones,2026-09-04T11:26:43-03:00,OPEN_METEO_ECMWF_IFS_ARCHIVE_FALLBACK,OPEN_METEO_ECMWF_IFS_ARCHIVE_FALLBACK,OPEN_METEO_ECMWF_IFS_ARCHIVE_FALLBACK
2026-06-24,11.6,0.8,0.0,OPEN_METEO_ECMWF_IFS_ARCHIVE_FALLBACK,Provisional,Provisional_hueco_observaciones,2026-09-04T11:26:43-03:00,OPEN_METEO_ECMWF_IFS_ARCHIVE_FALLBACK,OPEN_METEO_ECMWF_IFS_ARCHIVE_FALLBACK,OPEN_METEO_ECMWF_IFS_ARCHIVE_FALLBACK
2026-06-25,14.6,4.8,0.7,OPEN_METEO_ECMWF_IFS_ARCHIVE_FALLBACK,Provisional,Provisional_hueco_observaciones,2026-09-04T11:26:43-03:00,OPEN_METEO_ECMWF_IFS_ARCHIVE_FALLBACK,OPEN_METEO_ECMWF_IFS_ARCHIVE_FALLBACK,OPEN_METEO_ECMWF_IFS_ARCHIVE_FALLBACK
2026-06-26,17.3,2.8,0.0,OPEN_METEO_ECMWF_IFS_ARCHIVE_FALLBACK,Provisional,Provisional_hueco_observaciones,2026-09-04T11:26:43-03:00,OPEN_METEO_ECMWF_IFS_ARCHIVE_FALLBACK,OPEN_METEO_ECMWF_IFS_ARCHIVE_FALLBACK,OPEN_METEO_ECMWF_IFS_ARCHIVE_FALLBACK
2026-06-27,17.0,4.6,0.0,OPEN_METEO_ECMWF_IFS_ARCHIVE_FALLBACK,Provisional,Provisional_hueco_observaciones,2026-09-04T11:26:43-03:00,OPEN_METEO_ECMWF_IFS_ARCHIVE_FALLBACK,OPEN_METEO_ECMWF_IFS_ARCHIVE_FALLBACK,OPEN_METEO_ECMWF_IFS_ARCHIVE_FALLBACK
2026-06-28,15.1,5.7,0.3,OPEN_METEO_ECMWF_IFS_ARCHIVE_FALLBACK,Provisional,Provisional_hueco_observaciones,2026-09-04T11:26:43-03:00,OPEN_METEO_ECMWF_IFS_ARCHIVE_FALLBACK,OPEN_METEO_ECMWF_IFS_ARCHIVE_FALLBACK,OPEN_METEO_ECMWF_IFS_ARCHIVE_FALLBACK
2026-06-29,16.0,3.1,0.0,OPEN_METEO_ECMWF_IFS_ARCHIVE_FALLBACK,Provisional,Provisional_hueco_observaciones,2026-09-04T11:26:43-03:00,OPEN_METEO_ECMWF_IFS_ARCHIVE_FALLBACK,OPEN_METEO_ECMWF_IFS_ARCHIVE_FALLBACK,OPEN_METEO_ECMWF_IFS_ARCHIVE_FALLBACK
2026-06-30,15.4,2.5,0.0,OPEN_METEO_ECMWF_IFS_ARCHIVE_FALLBACK,Provisional,Provisional_hueco_observaciones,2026-09-04T11:26:43-03:00,OPEN_METEO_ECMWF_IFS_ARCHIVE_FALLBACK,OPEN_METEO_ECMWF_IFS_ARCHIVE_FALLBACK,OPEN_METEO_ECMWF_IFS_ARCHIVE_FALLBACK
2026-07-01,14.4,2.6,0.0,OPEN_METEO_ECMWF_IFS_ARCHIVE_FALLBACK,Provisional,Provisional_hueco_observaciones,2026-09-04T11:26:43-03:00,OPEN_METEO_ECMWF_IFS_ARCHIVE_FALLBACK,OPEN_METEO_ECMWF_IFS_ARCHIVE_FALLBACK,OPEN_METEO_ECMWF_IFS_ARCHIVE_FALLBACK
2026-07-02,9.3,1.1,0.0,OPEN_METEO_ECMWF_IFS_ARCHIVE_FALLBACK,Provisional,Provisional_hueco_observaciones,2026-09-04T11:26:43-03:00,OPEN_METEO_ECMWF_IFS_ARCHIVE_FALLBACK,OPEN_METEO_ECMWF_IFS_ARCHIVE_FALLBACK,OPEN_METEO_ECMWF_IFS_ARCHIVE_FALLBACK
2026-07-03,8.8,-2.1,0.0,OPEN_METEO_ECMWF_IFS_ARCHIVE_FALLBACK,Provisional,Provisional_hueco_observaciones,2026-09-04T11:26:43-03:00,OPEN_METEO_ECMWF_IFS_ARCHIVE_FALLBACK,OPEN_METEO_ECMWF_IFS_ARCHIVE_FALLBACK,OPEN_METEO_ECMWF_IFS_ARCHIVE_FALLBACK
2026-07-04,10.6,0.2,0.0,OPEN_METEO_ECMWF_IFS_ARCHIVE_FALLBACK,Provisional,Provisional_hueco_observaciones,2026-09-04T11:26:43-03:00,OPEN_METEO_ECMWF_IFS_ARCHIVE_FALLBACK,OPEN_METEO_ECMWF_IFS_ARCHIVE_FALLBACK,OPEN_METEO_ECMWF_IFS_ARCHIVE_FALLBACK
2026-07-05,8.7,2.9,0.4,OPEN_METEO_ECMWF_IFS_ARCHIVE_FALLBACK,Provisional,Provisional_hueco_observaciones,2026-09-04T11:26:43-03:00,OPEN_METEO_ECMWF_IFS_ARCHIVE_FALLBACK,OPEN_METEO_ECMWF_IFS_ARCHIVE_FALLBACK,OPEN_METEO_ECMWF_IFS_ARCHIVE_FALLBACK
2026-07-06,14.4,0.3,0.0,OPEN_METEO_ECMWF_IFS_ARCHIVE_FALLBACK,Provisional,Provisional_hueco_observaciones,2026-09-04T11:26:43-03:00,OPEN_METEO_ECMWF_IFS_ARCHIVE_FALLBACK,OPEN_METEO_ECMWF_IFS_ARCHIVE_FALLBACK,OPEN_METEO_ECMWF_IFS_ARCHIVE_FALLBACK
2026-07-07,17.3,1.8,0.0,OPEN_METEO_ECMWF_IFS_ARCHIVE_FALLBACK,Provisional,Provisional_hueco_observaciones,2026-09-04T11:26:43-03:00,OPEN_METEO_ECMWF_IFS_ARCHIVE_FALLBACK,OPEN_METEO_ECMWF_IFS_ARCHIVE_FALLBACK,OPEN_METEO_ECMWF_IFS_ARCHIVE_FALLBACK
2026-07-08,18.1,6.9,0.0,OPEN_METEO_ECMWF_IFS_ARCHIVE_FALLBACK,Provisional,Provisional_hueco_observaciones,2026-09-04T11:26:43-03:00,OPEN_METEO_ECMWF_IFS_ARCHIVE_FALLBACK,OPEN_METEO_ECMWF_IFS_ARCHIVE_FALLBACK,OPEN_METEO_ECMWF_IFS_ARCHIVE_FALLBACK
2026-07-09,20.3,7.6,0.0,OPEN_METEO_ECMWF_IFS_ARCHIVE_FALLBACK,Provisional,Provisional_hueco_observaciones,2026-09-04T11:26:43-03:00,OPEN_METEO_ECMWF_IFS_ARCHIVE_FALLBACK,OPEN_METEO_ECMWF_IFS_ARCHIVE_FALLBACK,OPEN_METEO_ECMWF_IFS_ARCHIVE_FALLBACK
2026-07-10,16.0,6.6,0.0,OPEN_METEO_ECMWF_IFS_ARCHIVE_FALLBACK,Provisional,Provisional_hueco_observaciones,2026-09-04T11:26:43-03:00,OPEN_METEO_ECMWF_IFS_ARCHIVE_FALLBACK,OPEN_METEO_ECMWF_IFS_ARCHIVE_FALLBACK,OPEN_METEO_ECMWF_IFS_ARCHIVE_FALLBACK
2026-07-11,15.2,6.5,0.0,OPEN_METEO_ECMWF_IFS_ARCHIVE_FALLBACK,Provisional,Provisional_hueco_observaciones,2026-09-04T11:26:43-03:00,OPEN_METEO_ECMWF_IFS_ARCHIVE_FALLBACK,OPEN_METEO_ECMWF_IFS_ARCHIVE_FALLBACK,OPEN_METEO_ECMWF_IFS_ARCHIVE_FALLBACK
2026-07-12,12.3,6.2,0.0,OPEN_METEO_ECMWF_IFS_ARCHIVE_FALLBACK,Provisional,Provisional_hueco_observaciones,2026-09-04T11:26:43-03:00,OPEN_METEO_ECMWF_IFS_ARCHIVE_FALLBACK,OPEN_METEO_ECMWF_IFS_ARCHIVE_FALLBACK,OPEN_METEO_ECMWF_IFS_ARCHIVE_FALLBACK
2026-07-13,14.7,3.6,0.0,OPEN_METEO_ECMWF_IFS_ARCHIVE_FALLBACK,Provisional,Provisional_hueco_observaciones,2026-09-04T11:26:43-03:00,OPEN_METEO_ECMWF_IFS_ARCHIVE_FALLBACK,OPEN_METEO_ECMWF_IFS_ARCHIVE_FALLBACK,OPEN_METEO_ECMWF_IFS_ARCHIVE_FALLBACK
2026-07-14,16.8,6.6,0.0,OPEN_METEO_ECMWF_IFS_ARCHIVE_FALLBACK,Provisional,Provisional_hueco_observaciones,2026-09-04T11:26:43-03:00,OPEN_METEO_ECMWF_IFS_ARCHIVE_FALLBACK,OPEN_METEO_ECMWF_IFS_ARCHIVE_FALLBACK,OPEN_METEO_ECMWF_IFS_ARCHIVE_FALLBACK
2026-07-15,19.7,11.1,0.0,OPEN_METEO_ECMWF_IFS_ARCHIVE_FALLBACK,Provisional,Provisional_hueco_observaciones,2026-09-04T11:26:43-03:00,OPEN_METEO_ECMWF_IFS_ARCHIVE_FALLBACK,OPEN_METEO_ECMWF_IFS_ARCHIVE_FALLBACK,OPEN_METEO_ECMWF_IFS_ARCHIVE_FALLBACK
2026-07-16,25.8,13.7,0.0,OPEN_METEO_ECMWF_IFS_ARCHIVE_FALLBACK,Provisional,Provisional_hueco_observaciones,2026-09-04T11:26:43-03:00,OPEN_METEO_ECMWF_IFS_ARCHIVE_FALLBACK,OPEN_METEO_ECMWF_IFS_ARCHIVE_FALLBACK,OPEN_METEO_ECMWF_IFS_ARCHIVE_FALLBACK
2026-07-17,25.3,16.8,18.3,OPEN_METEO_ECMWF_IFS_ARCHIVE_FALLBACK,Provisional,Provisional_hueco_observaciones,2026-09-04T11:26:43-03:00,OPEN_METEO_ECMWF_IFS_ARCHIVE_FALLBACK,OPEN_METEO_ECMWF_IFS_ARCHIVE_FALLBACK,OPEN_METEO_ECMWF_IFS_ARCHIVE_FALLBACK
2026-07-18,19.7,15.6,0.4,OPEN_METEO_ECMWF_IFS_ARCHIVE_FALLBACK,Provisional,Provisional_hueco_observaciones,2026-09-04T11:26:43-03:00,OPEN_METEO_ECMWF_IFS_ARCHIVE_FALLBACK,OPEN_METEO_ECMWF_IFS_ARCHIVE_FALLBACK,OPEN_METEO_ECMWF_IFS_ARCHIVE_FALLBACK
2026-07-19,15.6,11.2,0.5,OPEN_METEO_ECMWF_IFS_ARCHIVE_FALLBACK,Provisional,Provisional_hueco_observaciones,2026-09-04T11:26:43-03:00,OPEN_METEO_ECMWF_IFS_ARCHIVE_FALLBACK,OPEN_METEO_ECMWF_IFS_ARCHIVE_FALLBACK,OPEN_METEO_ECMWF_IFS_ARCHIVE_FALLBACK
2026-07-20,13.3,8.9,1.5,OPEN_METEO_ECMWF_IFS_ARCHIVE_FALLBACK,Provisional,Provisional_hueco_observaciones,2026-09-04T11:26:43-03:00,OPEN_METEO_ECMWF_IFS_ARCHIVE_FALLBACK,OPEN_METEO_ECMWF_IFS_ARCHIVE_FALLBACK,OPEN_METEO_ECMWF_IFS_ARCHIVE_FALLBACK
2026-07-21,12.8,9.6,0.3,OPEN_METEO_ECMWF_IFS_ARCHIVE_FALLBACK,Provisional,Provisional_hueco_observaciones,2026-09-04T11:26:43-03:00,OPEN_METEO_ECMWF_IFS_ARCHIVE_FALLBACK,OPEN_METEO_ECMWF_IFS_ARCHIVE_FALLBACK,OPEN_METEO_ECMWF_IFS_ARCHIVE_FALLBACK
2026-07-22,14.4,10.0,11.2,OPEN_METEO_ECMWF_IFS_ARCHIVE_FALLBACK,Provisional,Provisional_hueco_observaciones,2026-09-04T11:26:43-03:00,OPEN_METEO_ECMWF_IFS_ARCHIVE_FALLBACK,OPEN_METEO_ECMWF_IFS_ARCHIVE_FALLBACK,OPEN_METEO_ECMWF_IFS_ARCHIVE_FALLBACK
2026-07-23,14.1,7.6,0.5,OPEN_METEO_ECMWF_IFS_ARCHIVE_FALLBACK,Provisional,Provisional_hueco_observaciones,2026-09-04T11:26:43-03:00,OPEN_METEO_ECMWF_IFS_ARCHIVE_FALLBACK,OPEN_METEO_ECMWF_IFS_ARCHIVE_FALLBACK,OPEN_METEO_ECMWF_IFS_ARCHIVE_FALLBACK
2026-07-24,18.0,10.4,0.3,OPEN_METEO_ECMWF_IFS_ARCHIVE_FALLBACK,Provisional,Provisional_hueco_observaciones,2026-09-04T11:26:43-03:00,OPEN_METEO_ECMWF_IFS_ARCHIVE_FALLBACK,OPEN_METEO_ECMWF_IFS_ARCHIVE_FALLBACK,OPEN_METEO_ECMWF_IFS_ARCHIVE_FALLBACK
2026-07-25,18.5,8.5,0.0,OPEN_METEO_ECMWF_IFS_ARCHIVE_FALLBACK,Provisional,Provisional_hueco_observaciones,2026-09-04T11:26:43-03:00,OPEN_METEO_ECMWF_IFS_ARCHIVE_FALLBACK,OPEN_METEO_ECMWF_IFS_ARCHIVE_FALLBACK,OPEN_METEO_ECMWF_IFS_ARCHIVE_FALLBACK
2026-07-26,20.3,12.0,0.0,OPEN_METEO_ECMWF_IFS_ARCHIVE_FALLBACK,Provisional,Provisional_hueco_observaciones,2026-09-04T11:26:43-03:00,OPEN_METEO_ECMWF_IFS_ARCHIVE_FALLBACK,OPEN_METEO_ECMWF_IFS_ARCHIVE_FALLBACK,OPEN_METEO_ECMWF_IFS_ARCHIVE_FALLBACK
2026-07-27,22.8,13.8,0.0,OPEN_METEO_ECMWF_IFS_ARCHIVE_FALLBACK,Provisional,Provisional_hueco_observaciones,2026-09-04T11:26:43-03:00,OPEN_METEO_ECMWF_IFS_ARCHIVE_FALLBACK,OPEN_METEO_ECMWF_IFS_ARCHIVE_FALLBACK,OPEN_METEO_ECMWF_IFS_ARCHIVE_FALLBACK
2026-07-28,18.0,12.8,0.0,OPEN_METEO_ECMWF_IFS_ARCHIVE_FALLBACK,Provisional,Provisional_hueco_observaciones,2026-09-04T11:26:43-03:00,OPEN_METEO_ECMWF_IFS_ARCHIVE_FALLBACK,OPEN_METEO_ECMWF_IFS_ARCHIVE_FALLBACK,OPEN_METEO_ECMWF_IFS_ARCHIVE_FALLBACK
2026-07-29,16.3,11.4,0.0,OPEN_METEO_ECMWF_IFS_ARCHIVE_FALLBACK,Provisional,Provisional_hueco_observaciones,2026-09-04T11:26:43-03:00,OPEN_METEO_ECMWF_IFS_ARCHIVE_FALLBACK,OPEN_METEO_ECMWF_IFS_ARCHIVE_FALLBACK,OPEN_METEO_ECMWF_IFS_ARCHIVE_FALLBACK
2026-07-30,18.8,10.2,0.0,OPEN_METEO_ECMWF_IFS_ARCHIVE_FALLBACK,Provisional,Provisional_hueco_observaciones,2026-09-04T11:26:43-03:00,OPEN_METEO_ECMWF_IFS_ARCHIVE_FALLBACK,OPEN_METEO_ECMWF_IFS_ARCHIVE_FALLBACK,OPEN_METEO_ECMWF_IFS_ARCHIVE_FALLBACK
2026-07-31,26.8,15.7,11.4,OPEN_METEO_ECMWF_IFS_ARCHIVE_FALLBACK,Provisional,Provisional_hueco_observaciones,2026-09-04T11:26:43-03:00,OPEN_METEO_ECMWF_IFS_ARCHIVE_FALLBACK,OPEN_METEO_ECMWF_IFS_ARCHIVE_FALLBACK,OPEN_METEO_ECMWF_IFS_ARCHIVE_FALLBACK
2026-08-01,20.4,12.3,0.1,OPEN_METEO_ECMWF_IFS_ARCHIVE_FALLBACK,Provisional,Provisional_hueco_observaciones,2026-09-04T11:26:43-03:00,OPEN_METEO_ECMWF_IFS_ARCHIVE_FALLBACK,OPEN_METEO_ECMWF_IFS_ARCHIVE_FALLBACK,OPEN_METEO_ECMWF_IFS_ARCHIVE_FALLBACK
2026-08-02,21.8,11.8,0.0,OPEN_METEO_ECMWF_IFS_ARCHIVE_FALLBACK,Provisional,Provisional_hueco_observaciones,2026-09-04T11:26:43-03:00,OPEN_METEO_ECMWF_IFS_ARCHIVE_FALLBACK,OPEN_METEO_ECMWF_IFS_ARCHIVE_FALLBACK,OPEN_METEO_ECMWF_IFS_ARCHIVE_FALLBACK
2026-08-03,18.2,13.0,0.4,OPEN_METEO_ECMWF_IFS_ARCHIVE_FALLBACK,Provisional,Provisional_hueco_observaciones,2026-09-04T11:26:43-03:00,OPEN_METEO_ECMWF_IFS_ARCHIVE_FALLBACK,OPEN_METEO_ECMWF_IFS_ARCHIVE_FALLBACK,OPEN_METEO_ECMWF_IFS_ARCHIVE_FALLBACK
2026-08-04,16.4,12.2,0.0,OPEN_METEO_ECMWF_IFS_ARCHIVE_FALLBACK,Provisional,Provisional_hueco_observaciones,2026-09-04T11:26:43-03:00,OPEN_METEO_ECMWF_IFS_ARCHIVE_FALLBACK,OPEN_METEO_ECMWF_IFS_ARCHIVE_FALLBACK,OPEN_METEO_ECMWF_IFS_ARCHIVE_FALLBACK
2026-08-05,19.4,12.4,0.0,OPEN_METEO_ECMWF_IFS_ARCHIVE_FALLBACK,Provisional,Provisional_hueco_observaciones,2026-09-04T11:26:43-03:00,OPEN_METEO_ECMWF_IFS_ARCHIVE_FALLBACK,OPEN_METEO_ECMWF_IFS_ARCHIVE_FALLBACK,OPEN_METEO_ECMWF_IFS_ARCHIVE_FALLBACK
2026-08-06,18.5,8.9,32.4,OPEN_METEO_ECMWF_IFS_ARCHIVE_FALLBACK,Provisional,Provisional_hueco_observaciones,2026-09-04T11:26:43-03:00,OPEN_METEO_ECMWF_IFS_ARCHIVE_FALLBACK,OPEN_METEO_ECMWF_IFS_ARCHIVE_FALLBACK,OPEN_METEO_ECMWF_IFS_ARCHIVE_FALLBACK
2026-08-07,14.2,3.6,0.0,OPEN_METEO_ECMWF_IFS_ARCHIVE_FALLBACK,Provisional,Provisional_hueco_observaciones,2026-09-04T11:26:43-03:00,OPEN_METEO_ECMWF_IFS_ARCHIVE_FALLBACK,OPEN_METEO_ECMWF_IFS_ARCHIVE_FALLBACK,OPEN_METEO_ECMWF_IFS_ARCHIVE_FALLBACK
2026-08-08,14.5,4.1,0.0,OPEN_METEO_ECMWF_IFS_ARCHIVE_FALLBACK,Provisional,Provisional_hueco_observaciones,2026-09-04T11:26:43-03:00,OPEN_METEO_ECMWF_IFS_ARCHIVE_FALLBACK,OPEN_METEO_ECMWF_IFS_ARCHIVE_FALLBACK,OPEN_METEO_ECMWF_IFS_ARCHIVE_FALLBACK
2026-08-09,15.5,1.9,0.0,OPEN_METEO_ECMWF_IFS_ARCHIVE_FALLBACK,Provisional,Provisional_hueco_observaciones,2026-09-04T11:26:43-03:00,OPEN_METEO_ECMWF_IFS_ARCHIVE_FALLBACK,OPEN_METEO_ECMWF_IFS_ARCHIVE_FALLBACK,OPEN_METEO_ECMWF_IFS_ARCHIVE_FALLBACK
2026-08-10,13.1,2.3,0.0,OPEN_METEO_ECMWF_IFS_ARCHIVE_FALLBACK,Provisional,Provisional_hueco_observaciones,2026-09-04T11:26:43-03:00,OPEN_METEO_ECMWF_IFS_ARCHIVE_FALLBACK,OPEN_METEO_ECMWF_IFS_ARCHIVE_FALLBACK,OPEN_METEO_ECMWF_IFS_ARCHIVE_FALLBACK
2026-08-11,12.4,4.0,0.0,OPEN_METEO_ECMWF_IFS_ARCHIVE_FALLBACK,Provisional,Provisional_hueco_observaciones,2026-09-04T11:26:43-03:00,OPEN_METEO_ECMWF_IFS_ARCHIVE_FALLBACK,OPEN_METEO_ECMWF_IFS_ARCHIVE_FALLBACK,OPEN_METEO_ECMWF_IFS_ARCHIVE_FALLBACK
2026-08-12,13.0,6.1,0.2,OPEN_METEO_ECMWF_IFS_ARCHIVE_FALLBACK,Provisional,Provisional_hueco_observaciones,2026-09-04T11:26:43-03:00,OPEN_METEO_ECMWF_IFS_ARCHIVE_FALLBACK,OPEN_METEO_ECMWF_IFS_ARCHIVE_FALLBACK,OPEN_METEO_ECMWF_IFS_ARCHIVE_FALLBACK
2026-08-13,10.4,7.5,2.8,OPEN_METEO_ECMWF_IFS_ARCHIVE_FALLBACK,Provisional,Provisional_hueco_observaciones,2026-09-04T11:26:43-03:00,OPEN_METEO_ECMWF_IFS_ARCHIVE_FALLBACK,OPEN_METEO_ECMWF_IFS_ARCHIVE_FALLBACK,OPEN_METEO_ECMWF_IFS_ARCHIVE_FALLBACK
2026-08-14,13.9,7.2,3.5,OPEN_METEO_ECMWF_IFS_ARCHIVE_FALLBACK,Provisional,Provisional_hueco_observaciones,2026-09-04T11:26:43-03:00,OPEN_METEO_ECMWF_IFS_ARCHIVE_FALLBACK,OPEN_METEO_ECMWF_IFS_ARCHIVE_FALLBACK,OPEN_METEO_ECMWF_IFS_ARCHIVE_FALLBACK
2026-08-15,16.4,11.7,0.7,OPEN_METEO_ECMWF_IFS_ARCHIVE_FALLBACK,Provisional,Provisional_hueco_observaciones,2026-09-04T11:26:43-03:00,OPEN_METEO_ECMWF_IFS_ARCHIVE_FALLBACK,OPEN_METEO_ECMWF_IFS_ARCHIVE_FALLBACK,OPEN_METEO_ECMWF_IFS_ARCHIVE_FALLBACK
2026-08-16,18.1,10.3,0.1,OPEN_METEO_ECMWF_IFS_ARCHIVE_FALLBACK,Provisional,Provisional_hueco_observaciones,2026-09-04T11:26:43-03:00,OPEN_METEO_ECMWF_IFS_ARCHIVE_FALLBACK,OPEN_METEO_ECMWF_IFS_ARCHIVE_FALLBACK,OPEN_METEO_ECMWF_IFS_ARCHIVE_FALLBACK
2026-08-17,15.3,11.2,8.9,OPEN_METEO_ECMWF_IFS_ARCHIVE_FALLBACK,Provisional,Provisional_hueco_observaciones,2026-09-04T11:26:43-03:00,OPEN_METEO_ECMWF_IFS_ARCHIVE_FALLBACK,OPEN_METEO_ECMWF_IFS_ARCHIVE_FALLBACK,OPEN_METEO_ECMWF_IFS_ARCHIVE_FALLBACK
2026-08-18,11.0,11.0,0.7,SMN_WIS2_ROSARIO_AERO_87480+OPEN_METEO_ECMWF_IFS_ARCHIVE_FALLBACK,Provisional,Provisional_hueco_observaciones,2026-09-04T11:26:43-03:00,SMN_WIS2_ROSARIO_AERO_87480,SMN_WIS2_ROSARIO_AERO_87480,OPEN_METEO_ECMWF_IFS_ARCHIVE_FALLBACK
2026-08-19,3.8,3.8,0.0,SMN_WIS2_ROSARIO_AERO_87480+OPEN_METEO_ECMWF_IFS_ARCHIVE_FALLBACK,Provisional,Provisional_hueco_observaciones,2026-09-04T11:26:43-03:00,SMN_WIS2_ROSARIO_AERO_87480,SMN_WIS2_ROSARIO_AERO_87480,OPEN_METEO_ECMWF_IFS_ARCHIVE_FALLBACK
2026-08-20,20.8,5.6,0.0,OPEN_METEO_ECMWF_IFS_ARCHIVE_FALLBACK,Provisional,Provisional_hueco_observaciones,2026-09-04T11:26:43-03:00,OPEN_METEO_ECMWF_IFS_ARCHIVE_FALLBACK,OPEN_METEO_ECMWF_IFS_ARCHIVE_FALLBACK,OPEN_METEO_ECMWF_IFS_ARCHIVE_FALLBACK
2026-08-21,12.1,6.9,0.0,SMN_WIS2_ROSARIO_AERO_87480+OPEN_METEO_ECMWF_IFS_ARCHIVE_FALLBACK,Provisional,Provisional_hueco_observaciones,2026-09-04T11:26:43-03:00,SMN_WIS2_ROSARIO_AERO_87480,SMN_WIS2_ROSARIO_AERO_87480,OPEN_METEO_ECMWF_IFS_ARCHIVE_FALLBACK
2026-08-22,13.7,-0.5,0.0,OPEN_METEO_ECMWF_IFS_ARCHIVE_FALLBACK,Provisional,Provisional_hueco_observaciones,2026-09-04T11:26:43-03:00,OPEN_METEO_ECMWF_IFS_ARCHIVE_FALLBACK,OPEN_METEO_ECMWF_IFS_ARCHIVE_FALLBACK,OPEN_METEO_ECMWF_IFS_ARCHIVE_FALLBACK
2026-08-23,14.4,13.6,0.0,SMN_WIS2_ROSARIO_AERO_87480+OPEN_METEO_ECMWF_IFS_ARCHIVE_FALLBACK,Provisional,Provisional_hueco_observaciones,2026-09-04T11:26:43-03:00,SMN_WIS2_ROSARIO_AERO_87480,SMN_WIS2_ROSARIO_AERO_87480,OPEN_METEO_ECMWF_IFS_ARCHIVE_FALLBACK
2026-08-24,13.5,8.0,0.0,SMN_WIS2_ROSARIO_AERO_87480+OPEN_METEO_ECMWF_IFS_ARCHIVE_FALLBACK,Provisional,Provisional_hueco_observaciones,2026-09-04T11:26:43-03:00,SMN_WIS2_ROSARIO_AERO_87480,SMN_WIS2_ROSARIO_AERO_87480,OPEN_METEO_ECMWF_IFS_ARCHIVE_FALLBACK
2026-08-25,16.8,10.1,0.0,SMN_WIS2_ROSARIO_AERO_87480+OPEN_METEO_ECMWF_IFS_ARCHIVE_FALLBACK,Provisional,Provisional_hueco_observaciones,2026-09-04T11:26:43-03:00,SMN_WIS2_ROSARIO_AERO_87480,SMN_WIS2_ROSARIO_AERO_87480,OPEN_METEO_ECMWF_IFS_ARCHIVE_FALLBACK
2026-08-26,21.0,9.7,0.9,SMN_WIS2_ROSARIO_AERO_87480+OPEN_METEO_ECMWF_IFS_ARCHIVE_FALLBACK,Provisional,Provisional_hueco_observaciones,2026-09-04T11:26:43-03:00,SMN_WIS2_ROSARIO_AERO_87480,SMN_WIS2_ROSARIO_AERO_87480,OPEN_METEO_ECMWF_IFS_ARCHIVE_FALLBACK
2026-08-27,18.3,12.0,4.0,SMN_WIS2_ROSARIO_AERO_87480+OPEN_METEO_ECMWF_IFS_ARCHIVE_FALLBACK,Provisional,Provisional_hueco_observaciones,2026-09-04T11:26:43-03:00,SMN_WIS2_ROSARIO_AERO_87480,SMN_WIS2_ROSARIO_AERO_87480,OPEN_METEO_ECMWF_IFS_ARCHIVE_FALLBACK
2026-08-28,21.5,9.5,0.0,SMN_WIS2_ROSARIO_AERO_87480+OPEN_METEO_ECMWF_IFS_ARCHIVE_FALLBACK,Provisional,Provisional_hueco_observaciones,2026-09-04T11:26:43-03:00,SMN_WIS2_ROSARIO_AERO_87480,SMN_WIS2_ROSARIO_AERO_87480,OPEN_METEO_ECMWF_IFS_ARCHIVE_FALLBACK
2026-08-29,20.0,7.5,0.0,SMN_WIS2_ROSARIO_AERO_87480+OPEN_METEO_ECMWF_IFS_ARCHIVE_FALLBACK,Provisional,Provisional_hueco_observaciones,2026-09-04T11:26:43-03:00,SMN_WIS2_ROSARIO_AERO_87480,SMN_WIS2_ROSARIO_AERO_87480,OPEN_METEO_ECMWF_IFS_ARCHIVE_FALLBACK
2026-08-30,22.9,4.6,0.0,SMN_WIS2_ROSARIO_AERO_87480+OPEN_METEO_ECMWF_IFS_ARCHIVE_FALLBACK,Provisional,Provisional_hueco_observaciones,2026-09-04T11:26:43-03:00,SMN_WIS2_ROSARIO_AERO_87480,SMN_WIS2_ROSARIO_AERO_87480,OPEN_METEO_ECMWF_IFS_ARCHIVE_FALLBACK
2026-08-31,20.5,12.1,0.5,SMN_WIS2_ROSARIO_AERO_87480+OPEN_METEO_ECMWF_IFS_ARCHIVE_FALLBACK,Provisional,Provisional_hueco_observaciones,2026-09-04T11:26:43-03:00,SMN_WIS2_ROSARIO_AERO_87480,SMN_WIS2_ROSARIO_AERO_87480,OPEN_METEO_ECMWF_IFS_ARCHIVE_FALLBACK
2026-09-01,22.0,8.1,0.0,SMN_WIS2_ROSARIO_AERO_87480+OPEN_METEO_ECMWF_IFS_ARCHIVE_FALLBACK,Provisional,Provisional_hueco_observaciones,2026-09-04T11:26:43-03:00,SMN_WIS2_ROSARIO_AERO_87480,SMN_WIS2_ROSARIO_AERO_87480,OPEN_METEO_ECMWF_IFS_ARCHIVE_FALLBACK
2026-09-02,24.5,9.1,0.0,SMN_WIS2_ROSARIO_AERO_87480+OPEN_METEO_ECMWF_IFS_ARCHIVE_FALLBACK,Provisional,Provisional_hueco_observaciones,2026-09-04T11:26:43-03:00,SMN_WIS2_ROSARIO_AERO_87480,SMN_WIS2_ROSARIO_AERO_87480,OPEN_METEO_ECMWF_IFS_ARCHIVE_FALLBACK
2026-09-03,20.2,10.1,0.2,SMN_WIS2_ROSARIO_AERO_87480+OPEN_METEO_ECMWF_IFS_ARCHIVE_FALLBACK,Provisional,Provisional_hueco_observaciones,2026-09-04T11:26:43-03:00,SMN_WIS2_ROSARIO_AERO_87480,SMN_WIS2_ROSARIO_AERO_87480,OPEN_METEO_ECMWF_IFS_ARCHIVE_FALLBACK
2026-09-04,18.7,6.1,0.0,OPEN_METEO_ECMWF_IFS_FORECAST,Pronostico,Pronostico_operativo,2026-09-04T11:26:43-03:00,OPEN_METEO_ECMWF_IFS_FORECAST,OPEN_METEO_ECMWF_IFS_FORECAST,OPEN_METEO_ECMWF_IFS_FORECAST
2026-09-05,14.1,5.7,0.0,OPEN_METEO_ECMWF_IFS_FORECAST,Pronostico,Pronostico_operativo,2026-09-04T11:26:43-03:00,OPEN_METEO_ECMWF_IFS_FORECAST,OPEN_METEO_ECMWF_IFS_FORECAST,OPEN_METEO_ECMWF_IFS_FORECAST
2026-09-06,10.9,3.1,0.0,OPEN_METEO_ECMWF_IFS_FORECAST,Pronostico,Pronostico_operativo,2026-09-04T11:26:43-03:00,OPEN_METEO_ECMWF_IFS_FORECAST,OPEN_METEO_ECMWF_IFS_FORECAST,OPEN_METEO_ECMWF_IFS_FORECAST
2026-09-07,13.5,2.7,0.0,OPEN_METEO_ECMWF_IFS_FORECAST,Pronostico,Pronostico_operativo,2026-09-04T11:26:43-03:00,OPEN_METEO_ECMWF_IFS_FORECAST,OPEN_METEO_ECMWF_IFS_FORECAST,OPEN_METEO_ECMWF_IFS_FORECAST
2026-09-08,17.7,4.8,0.0,OPEN_METEO_ECMWF_IFS_FORECAST,Pronostico,Pronostico_operativo,2026-09-04T11:26:43-03:00,OPEN_METEO_ECMWF_IFS_FORECAST,OPEN_METEO_ECMWF_IFS_FORECAST,OPEN_METEO_ECMWF_IFS_FORECAST
2026-09-09,19.6,6.7,0.0,OPEN_METEO_ECMWF_IFS_FORECAST,Pronostico,Pronostico_operativo,2026-09-04T11:26:43-03:00,OPEN_METEO_ECMWF_IFS_FORECAST,OPEN_METEO_ECMWF_IFS_FORECAST,OPEN_METEO_ECMWF_IFS_FORECAST
2026-09-10,20.4,9.1,0.6,OPEN_METEO_ECMWF_IFS_FORECAST,Pronostico,Pronostico_operativo,2026-09-04T11:26:43-03:00,OPEN_METEO_ECMWF_IFS_FORECAST,OPEN_METEO_ECMWF_IFS_FORECAST,OPEN_METEO_ECMWF_IFS_FORECAST
2026-09-11,13.5,8.2,9.0,OPEN_METEO_ECMWF_IFS_FORECAST,Pronostico,Pronostico_operativo,2026-09-04T11:26:43-03:00,OPEN_METEO_ECMWF_IFS_FORECAST,OPEN_METEO_ECMWF_IFS_FORECAST,OPEN_METEO_ECMWF_IFS_FORECAST
